l,,,,,,Favourite Pokemon 2025 (From Sparklez Squad Survey) ,,,,,,,,
,,,,,," (Curent total of 26,407 votes)",,,,,Notes/Patch:,REMOVED PARTNER PIKACHU/PARTNER EEVEE,,
,,,,,,Tip: Use Ctrl/cmd + F to search your pokemon,,,,,,ADDED EAST/WEST SHELLOS/GASTRODON,,
,,,,,,Additional Info also seperated by sheets at the bottom,,,,,,ADDED MISSING (AMPED/LOW KEY) on TOXTRICITY,,
,,,,,,Please feel free contact or comment on any of my socials if you want any specific info not shown here :) ,,,,,,ADDED SHADOW LUGIA,,
,,,,,-------------------->,Youtube Video about it all,,,,,,ADDED POKEMON ZA MEGAS,,
,,,,,,,,,,,,,,
Generation,TYPE,STARTER POKEMON,Dex #,Votes,,,,,,,,,,
Gen I (Kanto),Grass,Bulbasaur,1,207,,,Generation,VOTES,Percentage,,,Top pokemon Per Gen,,
Gen I (Kanto),Fire,Charmander,4,54,,,Generation,Votes,Share %,,Gen,Dex #,Pokémon,Votes
Gen I (Kanto),Water,Squirtle,7,115,,,Gen 1 (Kanto),5505,20.85,,Gen 1,#094,Gengar,270
Gen II (Johto),Grass,Chikorita,152,60,,,Gen 3 (Hoenn),3713,14.06,,Gen 2,#197,Umbreon,190
Gen II (Johto),Fire,Cyndaquil,155,105,,,Gen 5 (Unova),3543,13.42,,Gen 3,#258,Mudkip,236
Gen II (Johto),Water,Totodile,158,96,,,Gen 4 (Sinnoh),3394,12.85,,Gen 4,#448,Lucario,202
Gen III (Hoenn),Grass,Treecko,252,35,,,Gen 2 (Johto),3159,11.96,,Gen 5,#501,Oshawott,181
Gen III (Hoenn),Fire,Torchic,255,52,,,Gen 7 (Alola),2275,8.62,,Gen 6,#700,Sylveon,296
Gen III (Hoenn),Water,Mudkip,258,236,,,Gen 6 (Kalos),2147,8.13,,Gen 7,#778,Mimikyu,434
Gen IV (Sinnoh),Grass,Turtwig,387,57,,,Gen 9 (Paldea),1344,5.09,,Gen 8,#887,Dragapult,110
Gen IV (Sinnoh),Fire,Chimchar,390,27,,,Gen 8 (Galar/Hisui),1327,5.03,,Gen 9,#959,Tinkaton,120
Gen IV (Sinnoh),Water,Piplup,393,199,,,,,,,,,,
Gen V (Unova),Grass,Snivy,495,50,,,,,"Note:If Ash's Greninja counted as Greninja votes, it would be in 3rd Place with 272 Votes. Charizard with Megas would be 230  votes under Mudkip :)",,,,,
Gen V (Unova),Fire,Tepig,498,42,,,Ranking,Pokedex #,Top 10 Pokemon Overall,Generation,Votes,Percentage,,
Gen V (Unova),Water,Oshawott,501,181,,,Rank,Dex #,Pokémon Name,Generation,Votes,% of Total Votes,,
Gen VI (Kalos),Grass,Chespin,650,23,,,1st,778,Mimikyu,Gen VII (Alola),434,1.64 %,,
Gen VI (Kalos),Fire,Fennekin,653,36,,,2nd,700,Sylveon,Gen VI (Kalos),296,1.12 %,,
Gen VI (Kalos),Water,Froakie,656,15,,,3rd,94,Gengar,Gen I (Kanto),270,1.02 %,,
Gen VII (Alola),Grass,Rowlet,722,149,,,4th,258,Mudkip,Gen III (Hoenn),236,0.89 %,,
Gen VII (Alola),Fire,Litten,725,51,,,5th,1,Bulbasaur,Gen I (Kanto),207,0.78 %,,
Gen VII (Alola),Water,Popplio,728,44,,,6th,448,Lucario,Gen IV (Sinnoh),202,0.76 %,,
Gen VIII (Galar/Hisui),Grass,Grookey,810,15,,,7th,133,Eevee,Gen I (Kanto),199,0.75 %,,
Gen VIII (Galar/Hisui),Fire,Scorbunny,813,46,,,8th,393,Piplup,Gen IV (Sinnoh),199,0.75 %,,
Gen VIII (Galar/Hisui),Water,Sobble,816,25,,,9th,197,Umbreon,Gen II (Johto),190,0.72 %,,
Gen IX (Paldea),Grass,Sprigatito,906,52,,,10th,658,Greninja,Gen VI (Kalos),188,0.71 %,,
,,,,,,,,,,,,,,
Gen IX (Paldea),Fire,Fuecoco,909,58,,,,,,,,,,
Gen IX (Paldea),Water,Quaxly,912,18,,,Rank,Pokedex #,Pokemon Name,Generation,Votes,,,
,,,,,,,11th,445,Garchomp,Gen IV (Sinnoh),186,,,
,,,,,,,12th,501,Oshawott,Gen V (Unova),181,,,
,,,,,,,13th,405,Luxray,Gen IV (Sinnoh),179,,,
Top Rank,Dex #,Pokémon Name,Starter Type,Generation,Votes,,14th,54,Psyduck,Gen I (Kanto),176,,,
1st,258,Mudkip,Water,Gen III (Hoenn),236,,15th,59,Arcanine,Gen I (Kanto),172,,,
2nd,1,Bulbasaur,Grass,Gen I (Kanto),207,,16th,143,Snorlax,Gen I (Kanto),164,,,
3rd,393,Piplup,Water,Gen IV (Sinnoh),199,,17th,609,Chandelure,Gen V (Unova),163,,,
4th,501,Oshawott,Water,Gen V (Unova),181,,18th,6,Charizard,Gen I (Kanto),163,,,
5th,722,Rowlet,Grass,Gen VII (Alola),149,,19th,470,Leafeon,Gen IV (Sinnoh),158,,,
6th,7,Squirtle,Water,Gen I (Kanto),115,,20th,196,Espeon,Gen II (Johto),157,,,
7th,155,Cyndaquil,Fire,Gen II (Johto),105,,,,,,,,,
8th,158,Totodile,Water,Gen II (Johto),96,,,,,,,,,
9th,152,Chikorita,Grass,Gen II (Johto),60,,,Pokedex #,Pokemon Name,Generation,Votes,,,
10th,909,Fuecoco,Fire,Gen IX (Paldea),58,,,617,Accelgor,Gen V (Unova),1,,,
,,,,,,,,76,Alolan Golem,Gen I (Kanto),1,,,
,,,,,,,,88,Alolan Grimer,Gen I (Kanto),1,,,
Least Voted,Dex #,Pokémon Name,Starter Type,Generation,Votes,,,20,Alolan Raticate,Gen I (Kanto),1,,,
1st,656,Froakie,Water,Gen VI (Kalos),15,,,594,Alomomola,Gen V (Unova),1,,,
2nd,810,Grookey,Grass,Gen VIII (Galar/Hisui),15,,,997,Arctibax,Gen IX (Paldea),1,,,
3rd,912,Quaxly,Water,Gen IX (Paldea),18,,,550,Basculin (Red-Striped Form),Gen V (Unova),1,,,
4th,650,Chespin,Grass,Gen VI (Kalos),23,,,550,Basculin (White-Striped Form),Gen V (Unova),1,,,
5th,816,Sobble,Water,Gen VIII (Galar/Hisui),25,,,400,Bibarel,Gen IV (Sinnoh),1,,,
6th,390,Chimchar,Fire,Gen IV (Sinnoh),27,,,688,Binacle,Gen VI (Kalos),1,,,
7th,252,Treecko,Grass,Gen III (Hoenn),35,,,824,Blipbug,Gen VIII (Galar/Hisui),1,,,
8th,653,Fennekin,Fire,Gen VI (Kalos),36,,,626,Bouffalant,Gen V (Unova),1,,,
9th,498,Tepig,Fire,Gen V (Unova),42,,,,,,,,,
10th,728,Popplio,Water,Gen VII (Alola),44,,,986,Brute Bonnet,Gen IX (Paldea),1,,,
,,,,,,,,412,Burmy (Trash Cloak),Gen IV (Sinnoh),1,,,
,,,,,,,,898,Calyrex (Ice Rider),Gen VIII (Galar/Hisui),1,,,
Rank,Type,Votes,Percentage,,,,,951,Capsakid,Gen IX (Paldea),1,,,
1,Water,4268,10.55364605,,,,,838,Carkol,Gen VIII (Galar/Hisui),1,,,
2,Fire,2955,7.306940976,,,,,268,Cascoon,Gen III (Hoenn),1,,,
3,Grass,2913,7.203085977,,,,,555,Darmanitan (Galarian Zen Mode),Gen V (Unova),1,,,
4,Ghost,2773,6.856902648,,,,,386,Deoxys (Speed Forme),Gen III (Hoenn),1,,,
5,Flying,2560,6.330209441,,,,,929,Dolliv,Gen IX (Paldea),1,,,
6,Psychic,2494,6.167008729,,,,,905,Enamorus (Incarnate Forme),Gen VIII (Galar/Hisui),1,,,
7,Normal,2480,6.132390396,,,,,456,Finneon,Gen IV (Sinnoh),1,,,
8,Dragon,2388,5.904898494,,,,,955,Flittle,Gen IX (Paldea),1,,,
9,Fairy,2218,5.484533023,,,,,657,Frogadier,Gen VI (Kalos),1,,,
10,Dark,2196,5.430132786,,,,,52,Galarian Meowth,Gen I (Kanto),1,,,
11,Ground,2151,5.318859573,,,,,896,Glastrier,Gen VIII (Galar/Hisui),1,,,
12,Electric,1933,4.779802676,,,,,969,Glimmet,Gen IX (Paldea),1,,,
13,Steel,1815,4.488019584,,,,,118,Goldeen,Gen I (Kanto),1,,,
14,Poison,1756,4.342128038,,,,,368,Gorebyss,Gen III (Hoenn),1,,,
15,Fighting,1736,4.292673277,,,,,1020,Gouging Fire,Gen IX (Paldea),1,,,
16,Bug,1664,4.114636137,,,,,711,Gourgeist (Large Size),Gen VI (Kalos),1,,,
17,Ice,1125,2.781830321,,,,,711,Gourgeist (Small Size),Gen VI (Kalos),1,,,
18,Rock,1016,2.512301872,,,,,210,Granbull,Gen II (Johto),1,,,
,,,,,,,,450,Hippowdon,Gen IV (Sinnoh),1,,,
,,               ISSUE: Variants are getting the added value of all votes from that Pokemon. Empty spots=I'm still fixing it.,,,,,,163,Hoothoot,Gen II (Johto),1,,,
Type,Rank,Pokemon Name,Votes,Percentage,,,,992,Iron Hands,Gen IX (Paldea),1,,,
Bug,1,Scizor,135,7.03,,,,995,Iron Thorns,Gen IX (Paldea),1,,,
Bug,2,Joltik,109,5.68,,,,14,Kakuna,Gen I (Kanto),1,,,
Bug,3,Snom,96,5,,,,798,Kartana,Gen VII (Alola),1,,,
Bug,4,Heracross,95,4.95,,,,345,Lileep,Gen III (Hoenn),1,,,
Bug,5,Volcarona,94,4.9,,,,294,Loudred,Gen III (Hoenn),1,,,
Bug,6,Scolipede,84,4.38,,,,337,Lunatone,Gen III (Hoenn),1,,,
Bug,7,Golisopod,73,3.8,,,,67,Machoke,Gen I (Kanto),1,,,
Bug,8,Shuckle,55,2.87,,,,307,Meditite,Gen III (Hoenn),1,,,
Bug,9,Galvantula,49,2.55,,,,323,Mega Camerupt,Gen III (Hoenn),1,,,
Bug,10,Scyther,45,2.34,,,,362,Mega Glalie,Gen III (Hoenn),1,,,
Dark,1,Umbreon,190,6.27,,,,130,Mega Gyarados,Gen I (Kanto),1,,,
Dark,2,Greninja,188,6.21,,,,115,Mega Kangaskhan,Gen I (Kanto),1,,,
Dark,3,Absol,152,5.02,,,,380,Mega Latias,Gen III (Hoenn),1,,,
Dark,4,Sableye,112,3.7,,,,127,Mega Pinsir,Gen I (Kanto),1,,,
Dark,5,Zoroark,93,3.07,,,,248,Mega Tyranitar,Gen II (Johto),1,,,
Dark,6,Darkrai,86,2.84,,,,919,Nymble,Gen IX (Paldea),1,,,
Dark,7,Hydreigon,83,2.74,,,,1017,Ogerpon (Cornerstone Mask),Gen IX (Paldea),1,,,
Dark,8,Tyranitar,81,2.67,,,,515,Panpour,Gen V (Unova),1,,,
Dark,9,Zorua,76,2.51,,,,504,Patrat,Gen V (Unova),1,,,
Dark,10,Houndoom,70,2.31,,,,489,Phione,Gen IV (Sinnoh),1,,,
Dragon,1,Garchomp,186,5.55,,,,913,Quaxwell,Gen IX (Paldea),1,,,
Dragon,2,Dragonite,153,4.57,,,,954,Rabsca,Gen IX (Paldea),1,,,
Dragon,3,Noivern,137,4.09,,,,895,Regidrago,Gen VIII (Galar/Hisui),1,,,
Dragon,4,Flygon,129,3.85,,,,952,Scovillain,Gen IX (Paldea),1,,,
Dragon,5,Dragapult,110,3.28,,,,364,Sealeo,Gen III (Hoenn),1,,,
Dragon,6,Hydreigon,83,2.48,,,,944,Shroodle,Gen IX (Paldea),1,,,
Dragon,7,Rayquaza,80,2.39,,,,21,Spearow,Gen I (Kanto),1,,,
Dragon,8,Goodra,72,2.15,,,,918,Spidops,Gen IX (Paldea),1,,,
Dragon,9,Goomy,71,2.12,,,,931,Squawkabilly (Green Plumage),Gen IX (Paldea),1,,,
Dragon,10,Altaria,66,1.97,,,,397,Staravia,Gen IV (Sinnoh),1,,,
Electric,1,Luxray,179,6.91,,,,787,Tapu Bulu,Gen VII (Alola),1,,,
Electric,2,,154,5.95,,,,788,Tapu Fini,Gen VII (Alola),1,,,
Electric,3,,137,5.29,,,,917,Tarountula,Gen IX (Paldea),1,,,
Electric,4,Ampharos,119,4.6,,,,978,Tatsugiri (Droopy Form),Gen IX (Paldea),1,,,
Electric,5,,113,4.36,,,,128,Tauros (Blaze Breed),Gen I (Kanto),1,,,
Electric,6,Pikachu,109,4.21,,,,639,Terrakion,Gen V (Unova),1,,,
Electric,7,Joltik,109,4.21,,,,538,Throh,Gen V (Unova),1,,,
Electric,8,Jolteon,103,3.98,,,,641,Tornadus (Therian Forme),Gen V (Unova),1,,,
Electric,9,Shinx,99,3.82,,,,520,Tranquill,Gen V (Unova),1,,,
Electric,10,Raichu,94,3.63,,,,288,Vigoroth,Gen III (Hoenn),1,,,
Fairy,1,Mimikyu,434,16.56,,,,629,Vullaby,Gen V (Unova),1,,,
Fairy,2,Sylveon,296,11.3,,,,479,Wash Rotom,Gen IV (Sinnoh),1,,,
Fairy,3,,,,,,,899,Wyrdeer,Gen VIII (Galar/Hisui),1,,,
Fairy,4,,,,,,,718,Zygarde (10% Forme),Gen VI (Kalos),1,,,
Fairy,5,Tinkaton,120,4.58,,,,,,,,,,
Fairy,6,,,,,,,,,,,,,
Fairy,7,Mawile,112,4.27,,,,DEX #,POKEMON WITH 0 VOTES,Generation,Votes,,,
Fairy,8,Gardevoir,91,3.47,,,,42,Golbat,Gen I (Kanto),0,,,
Fairy,9,,83,3.17,,,,72,Tentacool,Gen I (Kanto),0,,,
Fairy,10,Primarina,70,2.67,,,,74,Alolan Geodude,Gen I (Kanto),0,,,
Fighting,1,,227,8.78,,,,75,Alolan Graveler,Gen I (Kanto),0,,,
Fighting,2,Lucario,202,7.81,,,,101,Hisuian Electrode,Gen I (Kanto),0,,,
Fighting,3,,171,6.62,,,,128,Tauros (Combat Breed),Gen I (Kanto),0,,,
Fighting,4,Blaziken,143,5.53,,,,142,Mega Aerodactyl,Gen I (Kanto),0,,,
Fighting,5,Infernape,131,5.07,,,,211,Hisuian Qwilfish,Gen II (Johto),0,,,
Fighting,6,,116,4.49,,,,214,Mega Heracross,Gen II (Johto),0,,,
Fighting,7,,95,3.68,,,,310,Mega Manectric,Gen III (Hoenn),0,,,
Fighting,8,Heracross,95,3.68,,,,314,Illumise,Gen III (Hoenn),0,,,
Fighting,9,Breloom,89,3.44,,,,318,Carvanha,Gen III (Hoenn),0,,,
Fighting,10,,79,3.06,,,,351,Castform (Rainy Form),Gen III (Hoenn),0,,,
Fire,1,,,,,,,351,Castform (Snowy Form),Gen III (Hoenn),0,,,
Fire,2,,,,,,,367,Huntail,Gen III (Hoenn),0,,,
Fire,3,,,,,,,381,Mega Latios,Gen III (Hoenn),0,,,
Fire,4,Arcanine,172,4.47,,,,412,Burmy (Plant Cloak),Gen IV (Sinnoh),0,,,
Fire,5,Blaziken (Mega Blaziken),171,4.44,,,,412,Burmy (Sandy Cloak),Gen IV (Sinnoh),0,,,
Fire,6,Chandelure,163,4.24,,,,413,Wormadam (Sandy Cloak),Gen IV (Sinnoh),0,,,
Fire,7,Charizard,163,4.24,,,,460,Mega Abomasnow,Gen IV (Sinnoh),0,,,
Fire,8,Blaziken,143,3.72,,,,479,Fan Rotom,Gen IV (Sinnoh),0,,,
Fire,9,Infernape,131,3.4,,,,483,Dialga (Origin Forme),Gen IV (Sinnoh),0,,,
Fire,10,Cyndaquil,105,2.73,,,,550,Basculin (Blue-Striped Form),Gen V (Unova),0,,,
Flying,1,,,,,,,555,Darmanitan (Zen Mode),Gen V (Unova),0,,,
Flying,2,Charizard,163,5.52,,,,562,Galarian Yamask,Gen V (Unova),0,,,
Flying,3,Dragonite,153,5.18,,,,641,Tornadus (Incarnate Forme),Gen V (Unova),0,,,
Flying,4,Rowlet,149,5.05,,,,642,Thundurus (Incarnate Forme),Gen V (Unova),0,,,
Flying,5,,,,,,,645,Landorus (Therian Forme),Gen V (Unova),0,,,
Flying,6,Noivern,137,4.64,,,,705,Sliggoo,Gen VI (Kalos),0,,,
Flying,7,Gliscor,98,3.32,,,,713,Hisuian Avalugg,Gen VI (Kalos),0,,,
Flying,8,Rayquaza,80,2.71,,,,735,Gumshoos,Gen VII (Alola),0,,,
Flying,9,Lugia,68,2.3,,,,829,Gossifleur,Gen VIII (Galar/Hisui),0,,,
Flying,10,Altaria,66,2.24,,,,837,Rolycoly,Gen VIII (Galar/Hisui),0,,,
Ghost,1,Mimikyu,434,12.42,,,,843,Silicobra,Gen VIII (Galar/Hisui),0,,,
Ghost,2,,,,,,,846,Arrokuda,Gen VIII (Galar/Hisui),0,,,
Ghost,3,Gengar,270,7.73,,,,875,Eiscue (Noice Face),Gen VIII (Galar/Hisui),0,,,
Ghost,4,Chandelure,163,4.66,,,,883,Arctovish,Gen VIII (Galar/Hisui),0,,,
Ghost,5,,,,,,,888,Zacian (Hero of Many Battles),Gen VIII (Galar/Hisui),0,,,
Ghost,6,,,,,,,898,Calyrex (Shadow Rider),Gen VIII (Galar/Hisui),0,,,
Ghost,7,,,,,,,905,Enamorus (Therian Forme),Gen VIII (Galar/Hisui),0,,,
Ghost,8,Sableye,112,3.2,,,,910,Crocalor,Gen IX (Paldea),0,,,
Ghost,9,Decidueye,111,3.18,,,,916,Oinkologne (Female),Gen IX (Paldea),0,,,
Ghost,10,Dragapult,110,3.15,,,,916,Oinkologne (Male),Gen IX (Paldea),0,,,
Grass,1,Bulbasaur,207,6.36,,,,931,Squawkabilly (Blue Plumage),Gen IX (Paldea),0,,,
Grass,2,Leafeon,158,4.86,,,,931,Squawkabilly (White Plumage),Gen IX (Paldea),0,,,
Grass,3,Rowlet,149,4.58,,,,931,Squawkabilly (Yellow Plumage),Gen IX (Paldea),0,,,
Grass,4,,,,,,,938,Tadbulb,Gen IX (Paldea),0,,,
Grass,5,,,,,,,946,Bramblin,Gen IX (Paldea),0,,,
Grass,6,Decidueye,111,3.41,,,,964,Palafin (Zero Form),Gen IX (Paldea),0,,,
Grass,7,Sceptile,102,3.13,,,,976,Veluza,Gen IX (Paldea),0,,,
Grass,8,Breloom,89,2.74,,,,990,Iron Treads,Gen IX (Paldea),0,,,
Grass,9,Torterra,87,2.67,,,,993,Iron Jugulis,Gen IX (Paldea),0,,,
Grass,10,Lurantis,72,2.21,,,,1011,Dipplin,Gen IX (Paldea),0,,,
Ground,1,,,,,,,1023,Iron Crown,Gen IX (Paldea),0,,,
Ground,2,Garchomp,186,7,,,,,,,,,,
Ground,3,,,,,,,,,,,,,
Ground,4,Wooper,138,5.19,,,,,,,,,,
Ground,5,Flygon,129,4.85,,,,,,,,,,
Ground,6,Quagsire,120,4.51,,,,,,,,,,
Ground,7,Clodsire,116,4.36,,,,,,,,,,
Ground,8,Cubone,113,4.25,,,,,,,,,,
Ground,9,,,,,,,,,,,,,
Ground,10,Gliscor,98,3.69,,,,,,,,,,
Ice,1,,,,,,,,,,,,,
Ice,2,,,,,,,,,,,,,
Ice,3,Glaceon,116,7.72,,,,,,,,,,
Ice,4,Lapras,115,7.66,,,,,,,,,,
Ice,5,Snom,96,6.39,,,,,,,,,,
Ice,6,Spheal,90,5.99,,,,,,,,,,
Ice,7,,60,3.99,,,,,,,,,,
Ice,8,,55,3.66,,,,,,,,,,
Ice,9,Froslass,55,3.66,,,,,,,,,,
Ice,10,Weavile,53,3.53,,,,,,,,,,
Ice,11,,,,,,,,,,,,,
Normal,1,Eevee + (Partner Eevee),210,7.07,,,,,,,,,,
Normal,2,,,,,,,,,,,,,
Normal,3,Snorlax,164,5.52,,,,,,,,,,
Normal,4,,,,,,,,,,,,,
Normal,5,,,,,,,,,,,,,
Normal,6,Ditto,124,4.18,,,,,,,,,,
Normal,7,Skitty,64,2.16,,,,,,,,,,
Normal,8,Furret,61,2.05,,,,,,,,,,
Normal,9,Jigglypuff,59,1.99,,,,,,,,,,
Normal,10,Porygon-Z,53,1.79,,,,,,,,,,
Normal,11,Farfetch'd,48,1.62,,,,,,,,,,
Poison,1,,,,,,,,,,,,,
Poison,2,Gengar,270,10.87,,,,,,,,,,
Poison,3,Bulbasaur,207,8.33,,,,,,,,,,
Poison,4,,,,,,,,,,,,,
Poison,5,Clodsire,116,4.67,,,,,,,,,,
Poison,6,Scolipede,84,3.38,,,,,,,,,,
Poison,7,Toxtricity (Amped Form) + Low Key,77,3.1,,,,,,,,,,
Poison,8,,,,,,,,,,,,,
Poison,9,Crobat,64,2.58,,,,,,,,,,
Poison,10,Trubbish,58,2.33,,,,,,,,,,
Poison,11,Oddish,53,2.13,,,,,,,,,,
Poison,12,Haunter,49,1.97,,,,,,,,,,
Psychic,1,Espeon,157,4.55,,,,,,,,,,
Psychic,2,,,,,,,,,,,,,
Psychic,3,Mew,147,4.26,,,,,,,,,,
Psychic,4,Reuniclus,134,3.89,,,,,,,,,,
Psychic,5,Espurr,131,3.8,,,,,,,,,,
Psychic,6,,,,,,,,,,,,,
Psychic,7,,,,,,,,,,,,,
Psychic,8,,,,,,,,,,,,,
Psychic,9,Slowpoke,93,2.7,,,,,,,,,,
Psychic,10,Jirachi,91,2.64,,,,,,,,,,
Rock,1,,,,,,,,,,,,,
Rock,2,,,,,,,,,,,,,
Rock,3,Tyranitar,81,5.76,,,,,,,,,,
Rock,4,,,,,,,,,,,,,
Rock,5,Aggron,57,4.05,,,,,,,,,,
Rock,6,Shuckle,55,3.91,,,,,,,,,,
Rock,7,Sudowoodo,41,2.91,,,,,,,,,,
Rock,8,Lycanroc (Dusk Form),38,2.7,,,,,,,,,,
Rock,9,,,,,,,,,,,,,
Rock,10,,,,,,,,,,,,,
Steel,1,,,,,,,,,,,,,
Steel,2,Lucario,202,7.52,,,,,,,,,,
Steel,3,,,,,,,,,,,,,
Steel,4,,,,,,,,,,,,,
Steel,5,Scizor,135,5.03,,,,,,,,,,
Steel,6,Tinkaton,120,4.47,,,,,,,,,,
Steel,7,Mawile,112,4.17,,,,,,,,,,
Steel,8,,,,,,,,,,,,,
Steel,9,,,,,,,,,,,,,
Steel,10,Jirachi,91,3.39,,,,,,,,,,
Steel,11,Metagross,74,2.76,,,,,,,,,,
Water,1,Greninja + (Ash-Greninja),272,5.61,,,,,,,,,,
Water,2,Mudkip,236,4.87,,,,,,,,,,
Water,3,Piplup,199,4.11,,,,,,,,,,
Water,4,Greninja,188,3.88,,,,,,,,,,
Water,5,Oshawott,181,3.74,,,,,,,,,,
Water,6,Psyduck,176,3.63,,,,,,,,,,
Water,7,Wooper,138,2.85,,,,,,,,,,
Water,8,Quagsire,120,2.48,,,,,,,,,,
Water,9,Lapras,115,2.37,,,,,,,,,,
Water,10,Squirtle,115,2.37,,,,,,,,,,
Water,11,,,,,,,,,,,,,
Water,12,Vaporeon,104,2.15,,,,,,,,,,
,,,,,,,,,,,,,,
,,,,,,,,,,,,,,
,,,,,,,,,,,,,,
,,,,,,,,,,,,,,
,,,,,,,,,,,,,,
,,,,,,,,,,,,,,
,,,,,,,,,,,,,,
,,,,,,,,,,,,,,
,,,,,,,,,,,,,,
,,,,,,,,,,,,,,
,,,,,,,,,,,,,,
,,,,,,,,,,,,,,
,,,,,,,,,,,,,,
,,,,,,,,,,,,,,
,,,,,,,,,,,,,,
,,,,,,,,,,,,,,
,,,,,,,,,,,,,,
,,,,,,,,,,,,,,
,,,,,,,,,,,,,,
,,"NOTE: When looking at rankings, if TIED, use the Top placement of that value",,,,,,,,,,,,
,,,,,,,,,,,,,,
,,,,,,,,,,,,,,
,,ALL POKEMON RANKINGS,,,,,,,,,,,,
,,all variants seperated,,,,,,,,,,,,
Rank,Dex #,Pokémon Name,Generation,Votes,,,,,,,,,,
1st,778,Mimikyu,Gen VII (Alola),434,,,,,,,,,,
2nd,700,Sylveon,Gen VI (Kalos),296,,,,,,,,,,
3rd,94,Gengar,Gen I (Kanto),270,,,,,,,,,,
4th,258,Mudkip,Gen III (Hoenn),236,,,,,,,,,,
5th,1,Bulbasaur,Gen I (Kanto),207,,,,,,,,,,
6th,448,Lucario,Gen IV (Sinnoh),202,,,,,,,,,,
7th,133,Eevee,Gen I (Kanto),199,,,,,,,,,,
8th,393,Piplup,Gen IV (Sinnoh),199,,,,,,,,,,
9th,197,Umbreon,Gen II (Johto),190,,,,,,,,,,
10th,658,Greninja,Gen VI (Kalos),188,,,,,,,,,,
11th,445,Garchomp,Gen IV (Sinnoh),186,,,,,,,,,,
12th,501,Oshawott,Gen V (Unova),181,,,,,,,,,,
13th,405,Luxray,Gen IV (Sinnoh),179,,,,,,,,,,
14th,54,Psyduck,Gen I (Kanto),176,,,,,,,,,,
15th,59,Arcanine,Gen I (Kanto),172,,,,,,,,,,
16th,143,Snorlax,Gen I (Kanto),164,,,,,,,,,,
17th,609,Chandelure,Gen V (Unova),163,,,,,,,,,,
18th,6,Charizard,Gen I (Kanto),163,,,,,,,,,,
19th,470,Leafeon,Gen IV (Sinnoh),158,,,,,,,,,,
20th,196,Espeon,Gen II (Johto),157,,,,,,,,,,
21st,149,Dragonite,Gen I (Kanto),153,,,,,,,,,,
22nd,359,Absol,Gen III (Hoenn),152,,,,,,,,,,
23rd,722,Rowlet,Gen VII (Alola),149,,,,,,,,,,
24th,151,Mew,Gen I (Kanto),147,,,,,,,,,,
25th,257,Blaziken,Gen III (Hoenn),143,,,,,,,,,,
26th,194,Wooper,Gen II (Johto),138,,,,,,,,,,
27th,715,Noivern,Gen VI (Kalos),137,,,,,,,,,,
28th,212,Scizor,Gen II (Johto),135,,,,,,,,,,
29th,579,Reuniclus,Gen V (Unova),134,,,,,,,,,,
30th,677,Espurr,Gen VI (Kalos),131,,,,,,,,,,
31st,392,Infernape,Gen IV (Sinnoh),131,,,,,,,,,,
32nd,330,Flygon,Gen III (Hoenn),129,,,,,,,,,,
33rd,132,Ditto,Gen I (Kanto),124,,,,,,,,,,
34th,195,Quagsire,Gen II (Johto),120,,,,,,,,,,
35th,959,Tinkaton,Gen IX (Paldea),120,,,,,,,,,,
36th,181,Ampharos,Gen II (Johto),119,,,,,,,,,,
37th,980,Clodsire,Gen IX (Paldea),116,,,,,,,,,,
38th,471,Glaceon,Gen IV (Sinnoh),116,,,,,,,,,,
39th,131,Lapras,Gen I (Kanto),115,,,,,,,,,,
40th,7,Squirtle,Gen I (Kanto),115,,,,,,,,,,
41st,104,Cubone,Gen I (Kanto),113,,,,,,,,,,
42nd,303,Mawile,Gen III (Hoenn),112,,,,,,,,,,
43rd,302,Sableye,Gen III (Hoenn),112,,,,,,,,,,
44th,724,Decidueye,Gen VII (Alola),111,,,,,,,,,,
45th,887,Dragapult,Gen VIII (Galar/Hisui),110,,,,,,,,,,
46th,595,Joltik,Gen V (Unova),109,,,,,,,,,,
47th,25,Pikachu,Gen I (Kanto),109,,,,,,,,,,
48th,155,Cyndaquil,Gen II (Johto),105,,,,,,,,,,
49th,134,Vaporeon,Gen I (Kanto),104,,,,,,,,,,
50th,135,Jolteon,Gen I (Kanto),103,,,,,,,,,,
51st,254,Sceptile,Gen III (Hoenn),102,,,,,,,,,,
52nd,403,Shinx,Gen IV (Sinnoh),99,,,,,,,,,,
53rd,472,Gliscor,Gen IV (Sinnoh),98,,,,,,,,,,
54th,872,Snom,Gen VIII (Galar/Hisui),96,,,,,,,,,,
55th,158,Totodile,Gen II (Johto),96,,,,,,,,,,
56th,214,Heracross,Gen II (Johto),95,,,,,,,,,,
57th,937,Ceruledge,Gen IX (Paldea),94,,,,,,,,,,
58th,26,Raichu,Gen I (Kanto),94,,,,,,,,,,
59th,637,Volcarona,Gen V (Unova),94,,,,,,,,,,
60th,79,Slowpoke,Gen I (Kanto),93,,,,,,,,,,
61st,571,Zoroark,Gen V (Unova),93,,,,,,,,,,
62nd,282,Gardevoir,Gen III (Hoenn),91,,,,,,,,,,
63rd,385,Jirachi,Gen III (Hoenn),91,,,,,,,,,,
64th,363,Spheal,Gen III (Hoenn),90,,,,,,,,,,
65th,260,Swampert,Gen III (Hoenn),90,,,,,,,,,,
66th,286,Breloom,Gen III (Hoenn),89,,,,,,,,,,
67th,389,Torterra,Gen IV (Sinnoh),87,,,,,,,,,,
68th,491,Darkrai,Gen IV (Sinnoh),86,,,,,,,,,,
69th,658,Ash-Greninja,Gen VI (Kalos),84,,,,,,,,,,
70th,545,Scolipede,Gen V (Unova),84,,,,,,,,,,
71st,635,Hydreigon,Gen V (Unova),83,,,,,,,,,,
72nd,494,Victini,Gen V (Unova),82,,,,,,,,,,
73rd,248,Tyranitar,Gen II (Johto),81,,,,,,,,,,
74th,623,Golurk,Gen V (Unova),80,,,,,,,,,,
75th,384,Rayquaza,Gen III (Hoenn),80,,,,,,,,,,
76th,849,Toxtricity,Gen VIII (Galar/Hisui),77,,,,,,,,,,
77th,849,Toxtricity,Gen VIII (Galar/Hisui),77,,,,,,,,,,
78th,38,Ninetales,Gen I (Kanto),76,,,,,,,,,,
79th,37,Vulpix,Gen I (Kanto),76,,,,,,,,,,
80th,570,Zorua,Gen V (Unova),76,,,,,,,,,,
81st,38,Alolan Ninetales,Gen I (Kanto),75,,,,,,,,,,
82nd,350,Milotic,Gen III (Hoenn),75,,,,,,,,,,
83rd,376,Metagross,Gen III (Hoenn),74,,,,,,,,,,
84th,418,Buizel,Gen IV (Sinnoh),73,,,,,,,,,,
85th,768,Golisopod,Gen VII (Alola),73,,,,,,,,,,
86th,706,Goodra,Gen VI (Kalos),72,,,,,,,,,,
87th,754,Lurantis,Gen VII (Alola),72,,,,,,,,,,
88th,704,Goomy,Gen VI (Kalos),71,,,,,,,,,,
89th,229,Houndoom,Gen II (Johto),70,,,,,,,,,,
90th,730,Primarina,Gen VII (Alola),70,,,,,,,,,,
91st,807,Zeraora,Gen VII (Alola),70,,,,,,,,,,
92nd,9,Blastoise,Gen I (Kanto),69,,,,,,,,,,
93rd,571,Hisuian Zoroark,Gen V (Unova),69,,,,,,,,,,
94th,802,Marshadow,Gen VII (Alola),69,,,,,,,,,,
95th,37,Alolan Vulpix,Gen I (Kanto),68,,,,,,,,,,
96th,249,Lugia,Gen II (Johto),68,,,,,,,,,,
97th,497,Serperior,Gen V (Unova),67,,,,,,,,,,
98th,334,Altaria,Gen III (Hoenn),66,,,,,,,,,,
99th,179,Mareep,Gen II (Johto),66,,,,,,,,,,
100th,169,Crobat,Gen II (Johto),64,,,,,,,,,,
101st,384,Mega Rayquaza,Gen III (Hoenn),64,,,,,,,,,,
102nd,300,Skitty,Gen III (Hoenn),64,,,,,,,,,,
103rd,842,Appletun,Gen VIII (Galar/Hisui),62,,,,,,,,,,
104th,395,Empoleon,Gen IV (Sinnoh),62,,,,,,,,,,
105th,612,Haxorus,Gen V (Unova),62,,,,,,,,,,
106th,162,Furret,Gen II (Johto),61,,,,,,,,,,
107th,643,Reshiram,Gen V (Unova),61,,,,,,,,,,
108th,26,Alolan Raichu,Gen I (Kanto),60,,,,,,,,,,
109th,152,Chikorita,Gen II (Johto),60,,,,,,,,,,
110th,475,Gallade,Gen IV (Sinnoh),60,,,,,,,,,,
111th,136,Flareon,Gen I (Kanto),59,,,,,,,,,,
112th,39,Jigglypuff,Gen I (Kanto),59,,,,,,,,,,
113th,150,Mewtwo,Gen I (Kanto),59,,,,,,,,,,
114th,492,Shaymin (Land Forme),Gen IV (Sinnoh),59,,,,,,,,,,
115th,157,Typhlosion,Gen II (Johto),59,,,,,,,,,,
116th,909,Fuecoco,Gen IX (Paldea),58,,,,,,,,,,
117th,908,Meowscarada,Gen IX (Paldea),58,,,,,,,,,,
118th,714,Noibat,Gen VI (Kalos),58,,,,,,,,,,
119th,568,Trubbish,Gen V (Unova),58,,,,,,,,,,
120th,306,Aggron,Gen III (Hoenn),57,,,,,,,,,,
121st,354,Banette,Gen III (Hoenn),57,,,,,,,,,,
122nd,429,Mismagius,Gen IV (Sinnoh),57,,,,,,,,,,
123rd,387,Turtwig,Gen IV (Sinnoh),57,,,,,,,,,,
124th,823,Corviknight,Gen VIII (Galar/Hisui),56,,,,,,,,,,
125th,553,Krookodile,Gen V (Unova),56,,,,,,,,,,
126th,870,Falinks,Gen VIII (Galar/Hisui),55,,,,,,,,,,
127th,478,Froslass,Gen IV (Sinnoh),55,,,,,,,,,,
128th,213,Shuckle,Gen II (Johto),55,,,,,,,,,,
129th,4,Charmander,Gen I (Kanto),54,,,,,,,,,,
130th,58,Growlithe,Gen I (Kanto),53,,,,,,,,,,
131st,130,Gyarados,Gen I (Kanto),53,,,,,,,,,,
132nd,43,Oddish,Gen I (Kanto),53,,,,,,,,,,
133rd,474,Porygon-Z,Gen IV (Sinnoh),53,,,,,,,,,,
134th,461,Weavile,Gen IV (Sinnoh),53,,,,,,,,,,
135th,815,Cinderace,Gen VIII (Galar/Hisui),52,,,,,,,,,,
136th,906,Sprigatito,Gen IX (Paldea),52,,,,,,,,,,
137th,255,Torchic,Gen III (Hoenn),52,,,,,,,,,,
138th,423,Gastrodon,Gen IV (Sinnoh),51,,,,,,,,,,
139th,725,Litten,Gen VII (Alola),51,,,,,,,,,,
140th,487,Giratina (Origin Form),Gen IV (Sinnoh),50,,,,,,,,,,
141st,570,Hisuian Zorua,Gen V (Unova),50,,,,,,,,,,
142nd,303,Mega Mawile,Gen III (Hoenn),50,,,,,,,,,,
143rd,27,Sandshrew,Gen I (Kanto),50,,,,,,,,,,
144th,495,Snivy,Gen V (Unova),50,,,,,,,,,,
145th,596,Galvantula,Gen V (Unova),49,,,,,,,,,,
146th,93,Haunter,Gen I (Kanto),49,,,,,,,,,,
147th,468,Togekiss,Gen IV (Sinnoh),49,,,,,,,,,,
148th,65,Alakazam,Gen I (Kanto),48,,,,,,,,,,
149th,83,Farfetch'd,Gen I (Kanto),48,,,,,,,,,,
150th,160,Feraligatr,Gen II (Johto),48,,,,,,,,,,
151st,175,Togepi,Gen II (Johto),48,,,,,,,,,,
152nd,270,Lotad,Gen III (Hoenn),47,,,,,,,,,,
153rd,129,Magikarp,Gen I (Kanto),47,,,,,,,,,,
154th,6,Mega Charizard X,Gen I (Kanto),47,,,,,,,,,,
155th,869,Alcremie,Gen VIII (Galar/Hisui),46,,,,,,,,,,
156th,625,Bisharp,Gen V (Unova),46,,,,,,,,,,
157th,701,Hawlucha,Gen VI (Kalos),46,,,,,,,,,,
158th,447,Riolu,Gen IV (Sinnoh),46,,,,,,,,,,
159th,373,Salamence,Gen III (Hoenn),46,,,,,,,,,,
160th,813,Scorbunny,Gen VIII (Galar/Hisui),46,,,,,,,,,,
161st,702,Dedenne,Gen VI (Kalos),45,,,,,,,,,,
162nd,727,Incineroar,Gen VII (Alola),45,,,,,,,,,,
163rd,137,Porygon,Gen I (Kanto),45,,,,,,,,,,
164th,503,Samurott,Gen V (Unova),45,,,,,,,,,,
165th,123,Scyther,Gen I (Kanto),45,,,,,,,,,,
166th,728,Popplio,Gen VII (Alola),44,,,,,,,,,,
167th,547,Whimsicott,Gen V (Unova),44,,,,,,,,,,
168th,190,Aipom,Gen II (Johto),43,,,,,,,,,,
169th,708,Phantump,Gen VI (Kalos),43,,,,,,,,,,
170th,61,Poliwhirl,Gen I (Kanto),43,,,,,,,,,,
171st,663,Talonflame,Gen VI (Kalos),43,,,,,,,,,,
172nd,453,Croagunk,Gen IV (Sinnoh),42,,,,,,,,,,
173rd,425,Drifloon,Gen IV (Sinnoh),42,,,,,,,,,,
174th,587,Emolga,Gen V (Unova),42,,,,,,,,,,
175th,549,Lilligant,Gen V (Unova),42,,,,,,,,,,
176th,28,Sandslash,Gen I (Kanto),42,,,,,,,,,,
177th,498,Tepig,Gen V (Unova),42,,,,,,,,,,
178th,184,Azumarill,Gen II (Johto),41,,,,,,,,,,
179th,251,Celebi,Gen II (Johto),41,,,,,,,,,,
180th,185,Sudowoodo,Gen II (Johto),41,,,,,,,,,,
181st,443,Gible,Gen IV (Sinnoh),40,,,,,,,,,,
182nd,34,Nidoking,Gen I (Kanto),40,,,,,,,,,,
183rd,186,Politoed,Gen II (Johto),40,,,,,,,,,,
184th,80,Slowbro,Gen I (Kanto),40,,,,,,,,,,
185th,681,Aegislash (Blade Forme),Gen VI (Kalos),39,,,,,,,,,,
186th,737,Charjabug,Gen VII (Alola),39,,,,,,,,,,
187th,327,Spinda,Gen III (Hoenn),39,,,,,,,,,,
188th,502,Dewott,Gen V (Unova),38,,,,,,,,,,
189th,607,Litwick,Gen V (Unova),38,,,,,,,,,,
190th,745,Lycanroc (Dusk Form),Gen VII (Alola),38,,,,,,,,,,
191st,773,Silvally,Gen VII (Alola),38,,,,,,,,,,
192nd,417,Pachirisu,Gen IV (Sinnoh),37,,,,,,,,,,
193rd,559,Scraggy,Gen V (Unova),37,,,,,,,,,,
194th,206,Dunsparce,Gen II (Johto),36,,,,,,,,,,
195th,653,Fennekin,Gen VI (Kalos),36,,,,,,,,,,
196th,655,Delphox,Gen VI (Kalos),35,,,,,,,,,,
197th,245,Suicune,Gen II (Johto),35,,,,,,,,,,
198th,333,Swablu,Gen III (Hoenn),35,,,,,,,,,,
199th,252,Treecko,Gen III (Hoenn),35,,,,,,,,,,
200th,399,Bidoof,Gen IV (Sinnoh),34,,,,,,,,,,
201st,35,Clefairy,Gen I (Kanto),34,,,,,,,,,,
202nd,148,Dragonair,Gen I (Kanto),34,,,,,,,,,,
203rd,530,Excadrill,Gen V (Unova),34,,,,,,,,,,
204th,231,Phanpy,Gen II (Johto),34,,,,,,,,,,
205th,156,Quilava,Gen II (Johto),34,,,,,,,,,,
206th,121,Starmie,Gen I (Kanto),34,,,,,,,,,,
207th,63,Abra,Gen I (Kanto),33,,,,,,,,,,
208th,681,Aegislash (Shield Form),Gen VI (Kalos),33,,,,,,,,,,
209th,194,Paldean Wooper,Gen II (Johto),33,,,,,,,,,,
210th,560,Scrafty,Gen V (Unova),33,,,,,,,,,,
211th,466,Electivire,Gen IV (Sinnoh),32,,,,,,,,,,
212th,925,Maushold (Family of Four),Gen IX (Paldea),32,,,,,,,,,,
213th,750,Mudsdale,Gen VII (Alola),32,,,,,,,,,,
214th,1017,Ogerpon (Teal Mask),Gen IX (Paldea),32,,,,,,,,,,
215th,292,Shedinja,Gen III (Hoenn),32,,,,,,,,,,
216th,604,Eelektross,Gen V (Unova),31,,,,,,,,,,
217th,359,Mega Absol,Gen III (Hoenn),31,,,,,,,,,,
218th,52,Meowth,Gen I (Kanto),31,,,,,,,,,,
219th,744,Rockruff,Gen VII (Alola),31,,,,,,,,,,
220th,8,Wartortle,Gen I (Kanto),31,,,,,,,,,,
221st,831,Wooloo,Gen VIII (Galar/Hisui),31,,,,,,,,,,
222nd,304,Aron,Gen III (Hoenn),30,,,,,,,,,,
223rd,253,Grovyle,Gen III (Hoenn),30,,,,,,,,,,
224th,382,Kyogre,Gen III (Hoenn),30,,,,,,,,,,
225th,572,Minccino,Gen V (Unova),30,,,,,,,,,,
226th,454,Toxicroak,Gen IV (Sinnoh),30,,,,,,,,,,
227th,760,Bewear,Gen VII (Alola),29,,,,,,,,,,
228th,806,Blacephalon,Gen VII (Alola),29,,,,,,,,,,
229th,386,Deoxys,Gen III (Hoenn),29,,,,,,,,,,
230th,926,Fidough,Gen IX (Paldea),29,,,,,,,,,,
231st,648,Meloetta (Aria Forme),Gen V (Unova),29,,,,,,,,,,
232nd,198,Murkrow,Gen II (Johto),29,,,,,,,,,,
233rd,398,Staraptor,Gen IV (Sinnoh),29,,,,,,,,,,
234th,709,Trevenant,Gen VI (Kalos),29,,,,,,,,,,
235th,321,Wailord,Gen III (Hoenn),29,,,,,,,,,,
236th,979,Annihilape,Gen IX (Paldea),28,,,,,,,,,,
237th,10,Caterpie,Gen I (Kanto),28,,,,,,,,,,
238th,483,Dialga,Gen IV (Sinnoh),28,,,,,,,,,,
239th,706,Hisuian Goodra,Gen VI (Kalos),28,,,,,,,,,,
240th,1019,Hydrapple,Gen IX (Paldea),28,,,,,,,,,,
241st,473,Mamoswine,Gen IV (Sinnoh),28,,,,,,,,,,
242nd,183,Marill,Gen II (Johto),28,,,,,,,,,,
243rd,257,Mega Blaziken,Gen III (Hoenn),28,,,,,,,,,,
244th,200,Misdreavus,Gen II (Johto),28,,,,,,,,,,
245th,771,Pyukumuku,Gen VII (Alola),28,,,,,,,,,,
246th,45,Vileplume,Gen I (Kanto),28,,,,,,,,,,
247th,263,Zigzagoon,Gen III (Hoenn),28,,,,,,,,,,
248th,699,Aurorus,Gen VI (Kalos),27,,,,,,,,,,
249th,441,Chatot,Gen IV (Sinnoh),27,,,,,,,,,,
250th,390,Chimchar,Gen IV (Sinnoh),27,,,,,,,,,,
251st,633,Deino,Gen V (Unova),27,,,,,,,,,,
252nd,462,Magnezone,Gen IV (Sinnoh),27,,,,,,,,,,
253rd,556,Maractus,Gen V (Unova),27,,,,,,,,,,
254th,262,Mightyena,Gen III (Hoenn),27,,,,,,,,,,
255th,479,Rotom,Gen IV (Sinnoh),27,,,,,,,,,,
256th,285,Shroomish,Gen III (Hoenn),27,,,,,,,,,,
257th,924,Tandemaus,Gen IX (Paldea),27,,,,,,,,,,
258th,726,Torracat,Gen VII (Alola),27,,,,,,,,,,
259th,3,Venusaur,Gen I (Kanto),27,,,,,,,,,,
260th,644,Zekrom,Gen V (Unova),27,,,,,,,,,,
261st,12,Butterfree,Gen I (Kanto),26,,,,,,,,,,
262nd,558,Crustle,Gen V (Unova),26,,,,,,,,,,
263rd,555,Darmanitan (Standard Mode),Gen V (Unova),26,,,,,,,,,,
264th,649,Genesect,Gen V (Unova),26,,,,,,,,,,
265th,574,Gothita,Gen V (Unova),26,,,,,,,,,,
266th,141,Kabutops,Gen I (Kanto),26,,,,,,,,,,
267th,707,Klefki,Gen VI (Kalos),26,,,,,,,,,,
268th,108,Lickitung,Gen I (Kanto),26,,,,,,,,,,
269th,272,Ludicolo,Gen III (Hoenn),26,,,,,,,,,,
270th,282,Mega Gardevoir,Gen III (Hoenn),26,,,,,,,,,,
271st,620,Mienshao,Gen V (Unova),26,,,,,,,,,,
272nd,774,Minior (Core Form),Gen VII (Alola),26,,,,,,,,,,
273rd,540,Sewaddle,Gen V (Unova),26,,,,,,,,,,
274th,865,Sirfetch'd,Gen VIII (Galar/Hisui),26,,,,,,,,,,
275th,215,Sneasel,Gen II (Johto),26,,,,,,,,,,
276th,748,Toxapex,Gen VII (Alola),26,,,,,,,,,,
277th,697,Tyrantrum,Gen VI (Kalos),26,,,,,,,,,,
278th,567,Archeops,Gen V (Unova),25,,,,,,,,,,
279th,927,Dachsbun,Gen IX (Paldea),25,,,,,,,,,,
280th,207,Gligar,Gen II (Johto),25,,,,,,,,,,
281st,2,Ivysaur,Gen I (Kanto),25,,,,,,,,,,
282nd,608,Lampent,Gen V (Unova),25,,,,,,,,,,
283rd,81,Magnemite,Gen I (Kanto),25,,,,,,,,,,
284th,94,Mega Gengar,Gen I (Kanto),25,,,,,,,,,,
285th,448,Mega Lucario,Gen IV (Sinnoh),25,,,,,,,,,,
286th,280,Ralts,Gen III (Hoenn),25,,,,,,,,,,
287th,227,Skarmory,Gen II (Johto),25,,,,,,,,,,
288th,816,Sobble,Gen VIII (Galar/Hisui),25,,,,,,,,,,
289th,818,Inteleon,Gen VIII (Galar/Hisui),24,,,,,,,,,,
290th,380,Latias,Gen III (Hoenn),24,,,,,,,,,,
291st,172,Pichu,Gen II (Johto),24,,,,,,,,,,
292nd,551,Sandile,Gen V (Unova),24,,,,,,,,,,
293rd,422,Shellos,Gen IV (Sinnoh),24,,,,,,,,,,
294th,114,Tangela,Gen I (Kanto),24,,,,,,,,,,
295th,357,Tropius,Gen III (Hoenn),24,,,,,,,,,,
296th,335,Zangoose,Gen III (Hoenn),24,,,,,,,,,,
297th,840,Applin,Gen VIII (Galar/Hisui),23,,,,,,,,,,
298th,851,Centiskorch,Gen VIII (Galar/Hisui),23,,,,,,,,,,
299th,650,Chespin,Gen VI (Kalos),23,,,,,,,,,,
300th,554,Darumaka,Gen V (Unova),23,,,,,,,,,,
301st,244,Entei,Gen II (Johto),23,,,,,,,,,,
302nd,157,Hisuian Typhlosion,Gen II (Johto),23,,,,,,,,,,
303rd,542,Leavanny,Gen V (Unova),23,,,,,,,,,,
304th,792,Lunala,Gen VII (Alola),23,,,,,,,,,,
305th,678,Meowstic (Male),Gen VI (Kalos),23,,,,,,,,,,
306th,60,Poliwag,Gen I (Kanto),23,,,,,,,,,,
307th,325,Spoink,Gen III (Hoenn),23,,,,,,,,,,
308th,508,Stoutland,Gen V (Unova),23,,,,,,,,,,
309th,202,Wobbuffet,Gen II (Johto),23,,,,,,,,,,
310th,716,Xerneas,Gen VI (Kalos),23,,,,,,,,,,
311th,654,Braixen,Gen VI (Kalos),22,,,,,,,,,,
312th,845,Cramorant,Gen VIII (Galar/Hisui),22,,,,,,,,,,
313th,355,Duskull,Gen III (Hoenn),22,,,,,,,,,,
314th,673,Gogoat,Gen VI (Kalos),22,,,,,,,,,,
315th,59,Hisuian Arcanine,Gen I (Kanto),22,,,,,,,,,,
316th,446,Munchlax,Gen IV (Sinnoh),22,,,,,,,,,,
317th,208,Steelix,Gen II (Johto),22,,,,,,,,,,
318th,340,Whiscash,Gen III (Hoenn),22,,,,,,,,,,
319th,265,Wurmple,Gen III (Hoenn),22,,,,,,,,,,
320th,531,Audino,Gen V (Unova),21,,,,,,,,,,
321st,781,Dhelmise,Gen VII (Alola),21,,,,,,,,,,
322nd,147,Dratini,Gen I (Kanto),21,,,,,,,,,,
323rd,885,Dreepy,Gen VIII (Galar/Hisui),21,,,,,,,,,,
324th,426,Drifblim,Gen IV (Sinnoh),21,,,,,,,,,,
325th,203,Girafarig,Gen II (Johto),21,,,,,,,,,,
326th,430,Honchkrow,Gen IV (Sinnoh),21,,,,,,,,,,
327th,801,Magearna,Gen VII (Alola),21,,,,,,,,,,
328th,354,Mega Banette,Gen III (Hoenn),21,,,,,,,,,,
329th,561,Sigilyph,Gen V (Unova),21,,,,,,,,,,
330th,988,Slither Wing,Gen IX (Paldea),21,,,,,,,,,,
331st,332,Cacturne,Gen III (Hoenn),20,,,,,,,,,,
332nd,652,Chesnaught,Gen VI (Kalos),20,,,,,,,,,,
333rd,225,Delibird,Gen II (Johto),20,,,,,,,,,,
334th,569,Garbodor,Gen V (Unova),20,,,,,,,,,,
335th,487,Giratina (Altered Form),Gen IV (Sinnoh),20,,,,,,,,,,
336th,945,Grafaiai,Gen IX (Paldea),20,,,,,,,,,,
337th,858,Hatterene,Gen VIII (Galar/Hisui),20,,,,,,,,,,
338th,381,Latios,Gen III (Hoenn),20,,,,,,,,,,
339th,915,Lechonk,Gen IX (Paldea),20,,,,,,,,,,
340th,6,Mega Charizard Y,Gen I (Kanto),20,,,,,,,,,,
341st,376,Mega Metagross,Gen III (Hoenn),20,,,,,,,,,,
342nd,254,Mega Sceptile,Gen III (Hoenn),20,,,,,,,,,,
343rd,154,Meganium,Gen II (Johto),20,,,,,,,,,,
344th,674,Pancham,Gen VI (Kalos),20,,,,,,,,,,
345th,261,Poochyena,Gen III (Hoenn),20,,,,,,,,,,
346th,524,Roggenrola,Gen V (Unova),20,,,,,,,,,,
347th,353,Shuppet,Gen III (Hoenn),20,,,,,,,,,,
348th,216,Teddiursa,Gen II (Johto),20,,,,,,,,,,
349th,796,Xurkitree,Gen VII (Alola),20,,,,,,,,,,
350th,144,Articuno,Gen I (Kanto),19,,,,,,,,,,
351st,15,Beedrill,Gen I (Kanto),19,,,,,,,,,,
352nd,563,Cofagrigus,Gen V (Unova),19,,,,,,,,,,
353rd,419,Floatzel,Gen IV (Sinnoh),19,,,,,,,,,,
354th,263,Galarian Zigzagoon,Gen III (Hoenn),19,,,,,,,,,,
355th,316,Gulpin,Gen III (Hoenn),19,,,,,,,,,,
356th,171,Lanturn,Gen II (Johto),19,,,,,,,,,,
357th,475,Mega Gallade,Gen IV (Sinnoh),19,,,,,,,,,,
358th,241,Miltank,Gen II (Johto),19,,,,,,,,,,
359th,536,Palpitoad,Gen V (Unova),19,,,,,,,,,,
360th,361,Snorunt,Gen III (Hoenn),19,,,,,,,,,,
361st,577,Solosis,Gen V (Unova),19,,,,,,,,,,
362nd,978,Tatsugiri (Curly Form),Gen IX (Paldea),19,,,,,,,,,,
363rd,777,Togedemaru,Gen VII (Alola),19,,,,,,,,,,
364th,328,Trapinch,Gen III (Hoenn),19,,,,,,,,,,
365th,201,Unown,Gen II (Johto),19,,,,,,,,,,
366th,738,Vikavolt,Gen VII (Alola),19,,,,,,,,,,
367th,493,Arceus,Gen IV (Sinnoh),18,,,,,,,,,,
368th,573,Cinccino,Gen V (Unova),18,,,,,,,,,,
369th,693,Clawitzer,Gen VI (Kalos),18,,,,,,,,,,
370th,780,Drampa,Gen VII (Alola),18,,,,,,,,,,
371st,500,Emboar,Gen V (Unova),18,,,,,,,,,,
372nd,180,Flaaffy,Gen II (Johto),18,,,,,,,,,,
373rd,676,Furfrou,Gen VI (Kalos),18,,,,,,,,,,
374th,720,Hoopa Confined,Gen VI (Kalos),18,,,,,,,,,,
375th,784,Kommo-o,Gen VII (Alola),18,,,,,,,,,,
376th,181,Mega Ampharos,Gen II (Johto),18,,,,,,,,,,
377th,233,Porygon2,Gen II (Johto),18,,,,,,,,,,
378th,912,Quaxly,Gen IX (Paldea),18,,,,,,,,,,
379th,235,Smeargle,Gen II (Johto),18,,,,,,,,,,
380th,209,Snubbull,Gen II (Johto),18,,,,,,,,,,
381st,759,Stufful,Gen VII (Alola),18,,,,,,,,,,
382nd,541,Swadloon,Gen V (Unova),18,,,,,,,,,,
383rd,278,Wingull,Gen III (Hoenn),18,,,,,,,,,,
384th,178,Xatu,Gen II (Johto),18,,,,,,,,,,
385th,145,Zapdos,Gen I (Kanto),18,,,,,,,,,,
386th,153,Bayleef,Gen II (Johto),17,,,,,,,,,,
387th,36,Clefable,Gen I (Kanto),17,,,,,,,,,,
388th,613,Cubchoo,Gen V (Unova),17,,,,,,,,,,
389th,719,Diancie,Gen VI (Kalos),17,,,,,,,,,,
390th,691,Dragalge,Gen VI (Kalos),17,,,,,,,,,,
391st,452,Drapion,Gen IV (Sinnoh),17,,,,,,,,,,
392nd,246,Larvitar,Gen II (Johto),17,,,,,,,,,,
393rd,745,Lycanroc (Midnight Form),Gen VII (Alola),17,,,,,,,,,,
394th,68,Machamp,Gen I (Kanto),17,,,,,,,,,,
395th,334,Mega Altaria,Gen III (Hoenn),17,,,,,,,,,,
396th,122,Mr. Mime,Gen I (Kanto),17,,,,,,,,,,
397th,407,Roserade,Gen IV (Sinnoh),17,,,,,,,,,,
398th,757,Salandit,Gen VII (Alola),17,,,,,,,,,,
399th,199,Slowking,Gen II (Johto),17,,,,,,,,,,
400th,903,Sneasler,Gen VIII (Galar/Hisui),17,,,,,,,,,,
401st,618,Stunfisk,Gen V (Unova),17,,,,,,,,,,
402nd,283,Surskit,Gen III (Hoenn),17,,,,,,,,,,
403rd,220,Swinub,Gen II (Johto),17,,,,,,,,,,
404th,324,Torkoal,Gen III (Hoenn),17,,,,,,,,,,
405th,733,Toucannon,Gen VII (Alola),17,,,,,,,,,,
406th,772,Type: Null,Gen VII (Alola),17,,,,,,,,,,
407th,718,Zygarde (Complete Forme),Gen VI (Kalos),17,,,,,,,,,,
408th,752,Araquanid,Gen VII (Alola),16,,,,,,,,,,
409th,566,Archen,Gen V (Unova),16,,,,,,,,,,
410th,610,Axew,Gen V (Unova),16,,,,,,,,,,
411th,703,Carbink,Gen VI (Kalos),16,,,,,,,,,,
412th,1002,Chien-Pao,Gen IX (Paldea),16,,,,,,,,,,
413th,882,Dracovish,Gen VIII (Galar/Hisui),16,,,,,,,,,,
414th,621,Druddigon,Gen V (Unova),16,,,,,,,,,,
415th,557,Dwebble,Gen V (Unova),16,,,,,,,,,,
416th,44,Gloom,Gen I (Kanto),16,,,,,,,,,,
417th,576,Gothitelle,Gen V (Unova),16,,,,,,,,,,
418th,861,Grimmsnarl,Gen VIII (Galar/Hisui),16,,,,,,,,,,
419th,695,Heliolisk,Gen VI (Kalos),16,,,,,,,,,,
420th,862,Obstagoon,Gen VIII (Galar/Hisui),16,,,,,,,,,,
421st,53,Persian,Gen I (Kanto),16,,,,,,,,,,
422nd,77,Ponyta,Gen I (Kanto),16,,,,,,,,,,
423rd,710,Pumpkaboo (Average Size),Gen VI (Kalos),16,,,,,,,,,,
424th,486,Regigigas,Gen IV (Sinnoh),16,,,,,,,,,,
425th,756,Shiinotic,Gen VII (Alola),16,,,,,,,,,,
426th,528,Swoobat,Gen V (Unova),16,,,,,,,,,,
427th,763,Tsareena,Gen VII (Alola),16,,,,,,,,,,
428th,1009,Walking Wake,Gen IX (Paldea),16,,,,,,,,,,
429th,717,Yveltal,Gen VI (Kalos),16,,,,,,,,,,
430th,105,Alolan Marowak,Gen I (Kanto),15,,,,,,,,,,
431st,89,Alolan Muk,Gen I (Kanto),15,,,,,,,,,,
432nd,936,Armarouge,Gen IX (Paldea),15,,,,,,,,,,
433rd,939,Bellibolt,Gen IX (Paldea),15,,,,,,,,,,
434th,113,Chansey,Gen I (Kanto),15,,,,,,,,,,
435th,358,Chimecho,Gen III (Hoenn),15,,,,,,,,,,
436th,344,Claydol,Gen III (Hoenn),15,,,,,,,,,,
437th,222,Corsola,Gen II (Johto),15,,,,,,,,,,
438th,875,Eiscue (Ice Face),Gen VIII (Galar/Hisui),15,,,,,,,,,,
439th,656,Froakie,Gen VI (Kalos),15,,,,,,,,,,
440th,810,Grookey,Gen VIII (Galar/Hisui),15,,,,,,,,,,
441st,58,Hisuian Growlithe,Gen I (Kanto),15,,,,,,,,,,
442nd,404,Luxio,Gen IV (Sinnoh),15,,,,,,,,,,
443rd,260,Mega Swampert,Gen III (Hoenn),15,,,,,,,,,,
444th,808,Meltan,Gen VII (Alola),15,,,,,,,,,,
445th,678,Meowstic (Female),Gen VI (Kalos),15,,,,,,,,,,
446th,312,Minun,Gen III (Hoenn),15,,,,,,,,,,
447th,322,Numel,Gen III (Hoenn),15,,,,,,,,,,
448th,871,Pincurchin,Gen VIII (Galar/Hisui),15,,,,,,,,,,
449th,311,Plusle,Gen III (Hoenn),15,,,,,,,,,,
450th,814,Raboot,Gen VIII (Galar/Hisui),15,,,,,,,,,,
451st,928,Smoliv,Gen IX (Paldea),15,,,,,,,,,,
452nd,800,Ultra Necrozma,Gen VII (Alola),15,,,,,,,,,,
453rd,562,Yamask,Gen V (Unova),15,,,,,,,,,,
454th,836,Boltund,Gen VIII (Galar/Hisui),14,,,,,,,,,,
455th,852,Clobbopus,Gen VIII (Galar/Hisui),14,,,,,,,,,,
456th,346,Cradily,Gen III (Hoenn),14,,,,,,,,,,
457th,50,Diglett,Gen I (Kanto),14,,,,,,,,,,
458th,232,Donphan,Gen II (Johto),14,,,,,,,,,,
459th,661,Fletchling,Gen VI (Kalos),14,,,,,,,,,,
460th,526,Gigalith,Gen V (Unova),14,,,,,,,,,,
461st,55,Golduck,Gen I (Kanto),14,,,,,,,,,,
462nd,485,Heatran,Gen IV (Sinnoh),14,,,,,,,,,,
463rd,503,Hisuian Samurott,Gen V (Unova),14,,,,,,,,,,
464th,983,Kingambit,Gen IX (Paldea),14,,,,,,,,,,
465th,230,Kingdra,Gen II (Johto),14,,,,,,,,,,
466th,428,Lopunny,Gen IV (Sinnoh),14,,,,,,,,,,
467th,490,Manaphy,Gen IV (Sinnoh),14,,,,,,,,,,
468th,226,Mantine,Gen II (Johto),14,,,,,,,,,,
469th,243,Raikou,Gen II (Johto),14,,,,,,,,,,
470th,743,Ribombee,Gen VII (Alola),14,,,,,,,,,,
471st,527,Woobat,Gen V (Unova),14,,,,,,,,,,
472nd,28,Alolan Sandslash,Gen I (Kanto),13,,,,,,,,,,
473rd,1018,Archaludon,Gen IX (Paldea),13,,,,,,,,,,
474th,69,Bellsprout,Gen I (Kanto),13,,,,,,,,,,
475th,779,Bruxish,Gen VII (Alola),13,,,,,,,,,,
476th,406,Budew,Gen IV (Sinnoh),13,,,,,,,,,,
477th,170,Chinchou,Gen II (Johto),13,,,,,,,,,,
478th,91,Cloyster,Gen I (Kanto),13,,,,,,,,,,
479th,589,Escavalier,Gen V (Unova),13,,,,,,,,,,
480th,981,Farigiraf,Gen IX (Paldea),13,,,,,,,,,,
481st,662,Fletchinder,Gen VI (Kalos),13,,,,,,,,,,
482nd,1000,Gholdengo,Gen IX (Paldea),13,,,,,,,,,,
483rd,362,Glalie,Gen III (Hoenn),13,,,,,,,,,,
484th,720,Hoopa Unbound,Gen VI (Kalos),13,,,,,,,,,,
485th,97,Hypno,Gen I (Kanto),13,,,,,,,,,,
486th,115,Kangaskhan,Gen I (Kanto),13,,,,,,,,,,
487th,775,Komala,Gen VII (Alola),13,,,,,,,,,,
488th,166,Ledian,Gen II (Johto),13,,,,,,,,,,
489th,458,Mantyke,Gen IV (Sinnoh),13,,,,,,,,,,
490th,306,Mega Aggron,Gen III (Hoenn),13,,,,,,,,,,
491st,302,Mega Sableye,Gen III (Hoenn),13,,,,,,,,,,
492nd,809,Melmetal,Gen VII (Alola),13,,,,,,,,,,
493rd,774,Minior (Meteor Form),Gen VII (Alola),13,,,,,,,,,,
494th,1008,Miraidon,Gen IX (Paldea),13,,,,,,,,,,
495th,177,Natu,Gen II (Johto),13,,,,,,,,,,
496th,18,Pidgeot,Gen I (Kanto),13,,,,,,,,,,
497th,672,Skiddo,Gen VI (Kalos),13,,,,,,,,,,
498th,848,Toxel,Gen VIII (Galar/Hisui),13,,,,,,,,,,
499th,320,Wailmer,Gen III (Hoenn),13,,,,,,,,,,
500th,13,Weedle,Gen I (Kanto),13,,,,,,,,,,
501st,40,Wigglytuff,Gen I (Kanto),13,,,,,,,,,,
502nd,718,Zygarde (50% Forme),Gen VI (Kalos),13,,,,,,,,,,
503rd,713,Avalugg,Gen VI (Kalos),12,,,,,,,,,,
504th,427,Buneary,Gen IV (Sinnoh),12,,,,,,,,,,
505th,433,Chingling,Gen IV (Sinnoh),12,,,,,,,,,,
506th,84,Doduo,Gen I (Kanto),12,,,,,,,,,,
507th,841,Flapple,Gen VIII (Galar/Hisui),12,,,,,,,,,,
508th,1006,Iron Valiant,Gen IX (Paldea),12,,,,,,,,,,
509th,109,Koffing,Gen I (Kanto),12,,,,,,,,,,
510th,310,Manectric,Gen III (Hoenn),12,,,,,,,,,,
511th,229,Mega Houndoom,Gen II (Johto),12,,,,,,,,,,
512th,89,Muk,Gen I (Kanto),12,,,,,,,,,,
513th,800,Necrozma,Gen VII (Alola),12,,,,,,,,,,
514th,921,Pawmi,Gen IX (Paldea),12,,,,,,,,,,
515th,519,Pidove,Gen V (Unova),12,,,,,,,,,,
516th,62,Poliwrath,Gen I (Kanto),12,,,,,,,,,,
517th,855,Polteageist,Gen VIII (Galar/Hisui),12,,,,,,,,,,
518th,19,Rattata,Gen I (Kanto),12,,,,,,,,,,
519th,537,Seismitoad,Gen V (Unova),12,,,,,,,,,,
520th,911,Skeledirge,Gen IX (Paldea),12,,,,,,,,,,
521st,791,Solgaleo,Gen VII (Alola),12,,,,,,,,,,
522nd,665,Spewpa,Gen VI (Kalos),12,,,,,,,,,,
523rd,442,Spiritomb,Gen IV (Sinnoh),12,,,,,,,,,,
524th,41,Zubat,Gen I (Kanto),12,,,,,,,,,,
525th,348,Armaldo,Gen III (Hoenn),11,,,,,,,,,,
526th,182,Bellossom,Gen II (Johto),11,,,,,,,,,,
527th,580,Ducklett,Gen V (Unova),11,,,,,,,,,,
528th,632,Durant,Gen V (Unova),11,,,,,,,,,,
529th,125,Electabuzz,Gen I (Kanto),11,,,,,,,,,,
530th,598,Ferrothorn,Gen V (Unova),11,,,,,,,,,,
531st,973,Flamigo,Gen IX (Paldea),11,,,,,,,,,,
532nd,205,Forretress,Gen II (Johto),11,,,,,,,,,,
533rd,679,Honedge,Gen VI (Kalos),11,,,,,,,,,,
534th,601,Klinklang,Gen V (Unova),11,,,,,,,,,,
535th,402,Kricketune,Gen IV (Sinnoh),11,,,,,,,,,,
536th,745,Lycanroc (Midday Form),Gen VII (Alola),11,,,,,,,,,,
537th,82,Magneton,Gen I (Kanto),11,,,,,,,,,,
538th,719,Mega Diancie,Gen VI (Kalos),11,,,,,,,,,,
539th,793,Nihilego,Gen VII (Alola),11,,,,,,,,,,
540th,770,Palossand,Gen VII (Alola),11,,,,,,,,,,
541st,133,Partner Eevee,Gen I (Kanto),11,,,,,,,,,,
542nd,795,Pheromosa,Gen VII (Alola),11,,,,,,,,,,
543rd,78,Rapidash,Gen I (Kanto),11,,,,,,,,,,
544th,369,Relicanth,Gen III (Hoenn),11,,,,,,,,,,
545th,464,Rhyperior,Gen IV (Sinnoh),11,,,,,,,,,,
546th,539,Sawk,Gen V (Unova),11,,,,,,,,,,
547th,217,Ursaring,Gen II (Johto),11,,,,,,,,,,
548th,543,Venipede,Gen V (Unova),11,,,,,,,,,,
549th,746,Wishiwashi (Solo Form),Gen VII (Alola),11,,,,,,,,,,
550th,469,Yanmega,Gen IV (Sinnoh),11,,,,,,,,,,
551st,734,Yungoos,Gen VII (Alola),11,,,,,,,,,,
552nd,888,Zacian (Crowned Sword),Gen VIII (Galar/Hisui),11,,,,,,,,,,
553rd,460,Abomasnow,Gen IV (Sinnoh),10,,,,,,,,,,
554th,27,Alolan Sandshrew,Gen I (Kanto),10,,,,,,,,,,
555th,698,Amaura,Gen VI (Kalos),10,,,,,,,,,,
556th,24,Arbok,Gen I (Kanto),10,,,,,,,,,,
557th,998,Baxcalibur,Gen IX (Paldea),10,,,,,,,,,,
558th,628,Braviary,Gen V (Unova),10,,,,,,,,,,
559th,794,Buzzwole,Gen VII (Alola),10,,,,,,,,,,
560th,351,Castform,Gen III (Hoenn),10,,,,,,,,,,
561st,789,Cosmog,Gen VII (Alola),10,,,,,,,,,,
562nd,742,Cutiefly,Gen VII (Alola),10,,,,,,,,,,
563rd,87,Dewgong,Gen I (Kanto),10,,,,,,,,,,
564th,529,Drilbur,Gen V (Unova),10,,,,,,,,,,
565th,669,Flabébé,Gen VI (Kalos),10,,,,,,,,,,
566th,592,Frillish,Gen V (Unova),10,,,,,,,,,,
567th,76,Golem,Gen I (Kanto),10,,,,,,,,,,
568th,250,Ho-oh,Gen II (Johto),10,,,,,,,,,,
569th,187,Hoppip,Gen II (Johto),10,,,,,,,,,,
570th,124,Jynx,Gen I (Kanto),10,,,,,,,,,,
571st,64,Kadabra,Gen I (Kanto),10,,,,,,,,,,
572nd,647,Keldeo (Ordinary Form),Gen V (Unova),10,,,,,,,,,,
573rd,370,Luvdisc,Gen III (Hoenn),10,,,,,,,,,,
574th,126,Magmar,Gen I (Kanto),10,,,,,,,,,,
575th,687,Malamar,Gen VI (Kalos),10,,,,,,,,,,
576th,105,Marowak,Gen I (Kanto),10,,,,,,,,,,
577th,284,Masquerain,Gen III (Hoenn),10,,,,,,,,,,
578th,212,Mega Scizor,Gen II (Johto),10,,,,,,,,,,
579th,517,Munna,Gen V (Unova),10,,,,,,,,,,
580th,291,Ninjask,Gen III (Hoenn),10,,,,,,,,,,
581st,741,Oricorio (Pom-Pom Style),Gen VII (Alola),10,,,,,,,,,,
582nd,484,Palkia,Gen IV (Sinnoh),10,,,,,,,,,,
583rd,923,Pawmot,Gen IX (Paldea),10,,,,,,,,,,
584th,279,Pelipper,Gen III (Hoenn),10,,,,,,,,,,
585th,57,Primeape,Gen I (Kanto),10,,,,,,,,,,
586th,432,Purugly,Gen IV (Sinnoh),10,,,,,,,,,,
587th,409,Rampardos,Gen IV (Sinnoh),10,,,,,,,,,,
588th,112,Rhydon,Gen I (Kanto),10,,,,,,,,,,
589th,273,Seedot,Gen III (Hoenn),10,,,,,,,,,,
590th,850,Sizzlipede,Gen VIII (Galar/Hisui),10,,,,,,,,,,
591st,685,Slurpuff,Gen VI (Kalos),10,,,,,,,,,,
592nd,957,Tinkatink,Gen IX (Paldea),10,,,,,,,,,,
593rd,176,Togetic,Gen II (Johto),10,,,,,,,,,,
594th,48,Venonat,Gen I (Kanto),10,,,,,,,,,,
595th,767,Wimpod,Gen VII (Alola),10,,,,,,,,,,
596th,835,Yamper,Gen VIII (Galar/Hisui),10,,,,,,,,,,
597th,103,Alolan Exeggutor,Gen I (Kanto),9,,,,,,,,,,
598th,347,Anorith,Gen III (Hoenn),9,,,,,,,,,,
599th,881,Arctozolt,Gen VIII (Galar/Hisui),9,,,,,,,,,,
600th,482,Azelf,Gen IV (Sinnoh),9,,,,,,,,,,
601st,341,Corphish,Gen III (Hoenn),9,,,,,,,,,,
602nd,96,Drowzee,Gen I (Kanto),9,,,,,,,,,,
603rd,578,Duosion,Gen V (Unova),9,,,,,,,,,,
604th,269,Dustox,Gen III (Hoenn),9,,,,,,,,,,
605th,239,Elekid,Gen II (Johto),9,,,,,,,,,,
606th,103,Exeggutor,Gen I (Kanto),9,,,,,,,,,,
607th,77,Galarian Ponyta,Gen I (Kanto),9,,,,,,,,,,
608th,622,Golett,Gen V (Unova),9,,,,,,,,,,
609th,971,Greavard,Gen IX (Paldea),9,,,,,,,,,,
610th,859,Impidimp,Gen VIII (Galar/Hisui),9,,,,,,,,,,
611th,782,Jangmo-o,Gen VII (Alola),9,,,,,,,,,,
612th,140,Kabuto,Gen I (Kanto),9,,,,,,,,,,
613th,647,Keldeo (Resolute Form),Gen V (Unova),9,,,,,,,,,,
614th,281,Kirlia,Gen III (Hoenn),9,,,,,,,,,,
615th,1007,Koraidon,Gen IX (Paldea),9,,,,,,,,,,
616th,401,Kricketot,Gen IV (Sinnoh),9,,,,,,,,,,
617th,552,Krokorok,Gen V (Unova),9,,,,,,,,,,
618th,646,Kyurem,Gen V (Unova),9,,,,,,,,,,
619th,636,Larvesta,Gen V (Unova),9,,,,,,,,,,
620th,296,Makuhita,Gen III (Hoenn),9,,,,,,,,,,
621st,56,Mankey,Gen I (Kanto),9,,,,,,,,,,
622nd,15,Mega Beedrill,Gen I (Kanto),9,,,,,,,,,,
623rd,755,Morelull,Gen VII (Alola),9,,,,,,,,,,
624th,877,Morpeko (Full Belly Mode),Gen VIII (Galar/Hisui),9,,,,,,,,,,
625th,827,Nickit,Gen VIII (Galar/Hisui),9,,,,,,,,,,
626th,31,Nidoqueen,Gen I (Kanto),9,,,,,,,,,,
627th,1017,Ogerpon (Hearthflame Mask),Gen IX (Paldea),9,,,,,,,,,,
628th,95,Onix,Gen I (Kanto),9,,,,,,,,,,
629th,47,Parasect,Gen I (Kanto),9,,,,,,,,,,
630th,382,Primal Kyogre,Gen III (Hoenn),9,,,,,,,,,,
631st,769,Sandygast,Gen VII (Alola),9,,,,,,,,,,
632nd,586,Sawsbuck,Gen V (Unova),9,,,,,,,,,,
633rd,336,Seviper,Gen III (Hoenn),9,,,,,,,,,,
634th,492,Shaymin (Sky Forme),Gen IV (Sinnoh),9,,,,,,,,,,
635th,396,Starly,Gen IV (Sinnoh),9,,,,,,,,,,
636th,785,Tapu Koko,Gen VII (Alola),9,,,,,,,,,,
637th,128,Tauros,Gen I (Kanto),9,,,,,,,,,,
638th,73,Tentacruel,Gen I (Kanto),9,,,,,,,,,,
639th,901,Ursaluna,Gen VIII (Galar/Hisui),9,,,,,,,,,,
640th,892,Urshifu (Single Strike Style),Gen VIII (Galar/Hisui),9,,,,,,,,,,
641st,960,Wiglett,Gen IX (Paldea),9,,,,,,,,,,
642nd,424,Ambipom,Gen IV (Sinnoh),8,,,,,,,,,,
643rd,689,Barbaracle,Gen VI (Kalos),8,,,,,,,,,,
644th,411,Bastiodon,Gen IV (Sinnoh),8,,,,,,,,,,
645th,606,Beheeyem,Gen V (Unova),8,,,,,,,,,,
646th,242,Blissey,Gen II (Johto),8,,,,,,,,,,
647th,323,Camerupt,Gen III (Hoenn),8,,,,,,,,,,
648th,974,Cetoddle,Gen IX (Paldea),8,,,,,,,,,,
649th,421,Cherrim,Gen IV (Sinnoh),8,,,,,,,,,,
650th,415,Combee,Gen IV (Sinnoh),8,,,,,,,,,,
651st,356,Dusclops,Gen III (Hoenn),8,,,,,,,,,,
652nd,605,Elgyem,Gen V (Unova),8,,,,,,,,,,
653rd,907,Floragato,Gen IX (Paldea),8,,,,,,,,,,
654th,873,Frosmoth,Gen VIII (Galar/Hisui),8,,,,,,,,,,
655th,820,Greedent,Gen VIII (Galar/Hisui),8,,,,,,,,,,
656th,736,Grubbin,Gen VII (Alola),8,,,,,,,,,,
657th,799,Guzzlord,Gen VII (Alola),8,,,,,,,,,,
658th,856,Hatenna,Gen VIII (Galar/Hisui),8,,,,,,,,,,
659th,237,Hitmontop,Gen II (Johto),8,,,,,,,,,,
660th,228,Houndour,Gen II (Johto),8,,,,,,,,,,
661st,686,Inkay,Gen VI (Kalos),8,,,,,,,,,,
662nd,991,Iron Bundle,Gen IX (Paldea),8,,,,,,,,,,
663rd,352,Kecleon,Gen III (Hoenn),8,,,,,,,,,,
664th,99,Kingler,Gen I (Kanto),8,,,,,,,,,,
665th,264,Linoone,Gen III (Hoenn),8,,,,,,,,,,
666th,667,Litleo,Gen VI (Kalos),8,,,,,,,,,,
667th,531,Mega Audino,Gen V (Unova),8,,,,,,,,,,
668th,9,Mega Blastoise,Gen I (Kanto),8,,,,,,,,,,
669th,619,Mienfoo,Gen V (Unova),8,,,,,,,,,,
670th,749,Mudbray,Gen VII (Alola),8,,,,,,,,,,
671st,932,Nacli,Gen IX (Paldea),8,,,,,,,,,,
672nd,804,Naganadel,Gen VII (Alola),8,,,,,,,,,,
673rd,33,Nidorino,Gen I (Kanto),8,,,,,,,,,,
674th,224,Octillery,Gen II (Johto),8,,,,,,,,,,
675th,675,Pangoro,Gen VI (Kalos),8,,,,,,,,,,
676th,1025,Pecharunt,Gen IX (Paldea),8,,,,,,,,,,
677th,221,Piloswine,Gen II (Johto),8,,,,,,,,,,
678th,710,Pumpkaboo (Small Size),Gen VI (Kalos),8,,,,,,,,,,
679th,710,Pumpkaboo (Super Size),Gen VI (Kalos),8,,,,,,,,,,
680th,758,Salazzle,Gen VII (Alola),8,,,,,,,,,,
681st,161,Sentret,Gen II (Johto),8,,,,,,,,,,
682nd,516,Simipour,Gen V (Unova),8,,,,,,,,,,
683rd,435,Skuntank,Gen IV (Sinnoh),8,,,,,,,,,,
684th,289,Slaking,Gen III (Hoenn),8,,,,,,,,,,
685th,805,Stakataka,Gen VII (Alola),8,,,,,,,,,,
686th,317,Swalot,Gen III (Hoenn),8,,,,,,,,,,
687th,277,Swellow,Gen III (Hoenn),8,,,,,,,,,,
688th,1024,Terapagos (Terastal Form),Gen IX (Paldea),8,,,,,,,,,,
689th,110,Weezing,Gen I (Kanto),8,,,,,,,,,,
690th,746,Wishiwashi (School Form),Gen VII (Alola),8,,,,,,,,,,
691st,1001,Wo-Chien,Gen IX (Paldea),8,,,,,,,,,,
692nd,51,Alolan Dugtrio,Gen I (Kanto),7,,,,,,,,,,
693rd,339,Barboach,Gen III (Hoenn),7,,,,,,,,,,
694th,712,Bergmite,Gen VI (Kalos),7,,,,,,,,,,
695th,525,Boldore,Gen V (Unova),7,,,,,,,,,,
696th,331,Cacnea,Gen III (Hoenn),7,,,,,,,,,,
697th,5,Charmeleon,Gen I (Kanto),7,,,,,,,,,,
698th,1004,Chi-Yu,Gen IX (Paldea),7,,,,,,,,,,
699th,408,Cranidos,Gen IV (Sinnoh),7,,,,,,,,,,
700th,585,Deerling,Gen V (Unova),7,,,,,,,,,,
701st,477,Dusknoir,Gen IV (Sinnoh),7,,,,,,,,,,
702nd,603,Eelektrik,Gen V (Unova),7,,,,,,,,,,
703rd,101,Electrode,Gen I (Kanto),7,,,,,,,,,,
704th,890,Eternatus,Gen VIII (Galar/Hisui),7,,,,,,,,,,
705th,295,Exploud,Gen III (Hoenn),7,,,,,,,,,,
706th,92,Gastly,Gen I (Kanto),7,,,,,,,,,,
707th,74,Geodude,Gen I (Kanto),7,,,,,,,,,,
708th,970,Glimmora,Gen IX (Paldea),7,,,,,,,,,,
709th,297,Hariyama,Gen III (Hoenn),7,,,,,,,,,,
710th,857,Hattrem,Gen VIII (Galar/Hisui),7,,,,,,,,,,
711th,631,Heatmor,Gen V (Unova),7,,,,,,,,,,
712th,694,Helioptile,Gen VI (Kalos),7,,,,,,,,,,
713th,507,Herdier,Gen V (Unova),7,,,,,,,,,,
714th,189,Jumpluff,Gen II (Johto),7,,,,,,,,,,
715th,950,Klawf,Gen IX (Paldea),7,,,,,,,,,,
716th,646,Kyurem (Black Kyurem),Gen V (Unova),7,,,,,,,,,,
717th,481,Mesprit,Gen IV (Sinnoh),7,,,,,,,,,,
718th,860,Morgrem,Gen VIII (Galar/Hisui),7,,,,,,,,,,
719th,299,Nosepass,Gen III (Hoenn),7,,,,,,,,,,
720th,138,Omanyte,Gen I (Kanto),7,,,,,,,,,,
721st,513,Pansear,Gen V (Unova),7,,,,,,,,,,
722nd,46,Paras,Gen I (Kanto),7,,,,,,,,,,
723rd,624,Pawniard,Gen V (Unova),7,,,,,,,,,,
724th,499,Pignite,Gen V (Unova),7,,,,,,,,,,
725th,803,Poipole,Gen VII (Alola),7,,,,,,,,,,
726th,383,Primal Groudon,Gen III (Hoenn),7,,,,,,,,,,
727th,710,Pumpkaboo (Large Size),Gen VI (Kalos),7,,,,,,,,,,
728th,1021,Raging Bolt,Gen IX (Paldea),7,,,,,,,,,,
729th,1005,Roaring Moon,Gen IX (Paldea),7,,,,,,,,,,
730th,744,Rockruff (Own Tempo Rockruff),Gen VII (Alola),7,,,,,,,,,,
731st,319,Sharpedo,Gen III (Hoenn),7,,,,,,,,,,
732nd,90,Shellder,Gen I (Kanto),7,,,,,,,,,,
733rd,266,Silcoon,Gen III (Hoenn),7,,,,,,,,,,
734th,514,Simisear,Gen V (Unova),7,,,,,,,,,,
735th,1013,Sinistcha,Gen IX (Paldea),7,,,,,,,,,,
736th,188,Skiploom,Gen II (Johto),7,,,,,,,,,,
737th,451,Skorupi,Gen IV (Sinnoh),7,,,,,,,,,,
738th,459,Snover,Gen IV (Sinnoh),7,,,,,,,,,,
739th,120,Staryu,Gen I (Kanto),7,,,,,,,,,,
740th,874,Stonjourner,Gen VIII (Galar/Hisui),7,,,,,,,,,,
741st,465,Tangrowth,Gen IV (Sinnoh),7,,,,,,,,,,
742nd,786,Tapu Lele,Gen VII (Alola),7,,,,,,,,,,
743rd,776,Turtonator,Gen VII (Alola),7,,,,,,,,,,
744th,696,Tyrunt,Gen VI (Kalos),7,,,,,,,,,,
745th,901,Ursaluna (Bloodmoon),Gen VIII (Galar/Hisui),7,,,,,,,,,,
746th,892,Urshifu (Rapid Strike Style),Gen VIII (Galar/Hisui),7,,,,,,,,,,
747th,584,Vanilluxe,Gen V (Unova),7,,,,,,,,,,
748th,666,Vivillon,Gen VI (Kalos),7,,,,,,,,,,
749th,360,Wynaut,Gen III (Hoenn),7,,,,,,,,,,
750th,438,Bonsly,Gen IV (Sinnoh),6,,,,,,,,,,
751st,420,Cherubi,Gen IV (Sinnoh),6,,,,,,,,,,
752nd,833,Chewtle,Gen VIII (Galar/Hisui),6,,,,,,,,,,
753rd,173,Cleffa,Gen II (Johto),6,,,,,,,,,,
754th,534,Conkeldurr,Gen V (Unova),6,,,,,,,,,,
755th,342,Crawdaunt,Gen III (Hoenn),6,,,,,,,,,,
756th,723,Dartrix,Gen VII (Alola),6,,,,,,,,,,
757th,751,Dewpider,Gen VII (Alola),6,,,,,,,,,,
758th,880,Dracozolt,Gen VIII (Galar/Hisui),6,,,,,,,,,,
759th,884,Duraludon,Gen VIII (Galar/Hisui),6,,,,,,,,,,
760th,800,Dusk Mane Necrozma,Gen VII (Alola),6,,,,,,,,,,
761st,349,Feebas,Gen III (Hoenn),6,,,,,,,,,,
762nd,79,Galarian Slowpoke,Gen I (Kanto),6,,,,,,,,,,
763rd,934,Garganacl,Gen IX (Paldea),6,,,,,,,,,,
764th,575,Gothorita,Gen V (Unova),6,,,,,,,,,,
765th,383,Groudon,Gen III (Hoenn),6,,,,,,,,,,
766th,107,Hitmonchan,Gen I (Kanto),6,,,,,,,,,,
767th,106,Hitmonlee,Gen I (Kanto),6,,,,,,,,,,
768th,876,Indeedee (Male),Gen VIII (Galar/Hisui),6,,,,,,,,,,
769th,593,Jellicent,Gen V (Unova),6,,,,,,,,,,
770th,646,Kyurem (White Kyurem),Gen V (Unova),6,,,,,,,,,,
771st,463,Lickilicky,Gen IV (Sinnoh),6,,,,,,,,,,
772nd,510,Liepard,Gen V (Unova),6,,,,,,,,,,
773rd,506,Lillipup,Gen V (Unova),6,,,,,,,,,,
774th,457,Lumineon,Gen IV (Sinnoh),6,,,,,,,,,,
775th,747,Mareanie,Gen VII (Alola),6,,,,,,,,,,
776th,259,Marshtomp,Gen III (Hoenn),6,,,,,,,,,,
777th,428,Mega Lopunny,Gen IV (Sinnoh),6,,,,,,,,,,
778th,3,Mega Venusaur,Gen I (Kanto),6,,,,,,,,,,
779th,11,Metapod,Gen I (Kanto),6,,,,,,,,,,
780th,391,Monferno,Gen IV (Sinnoh),6,,,,,,,,,,
781st,518,Musharna,Gen V (Unova),6,,,,,,,,,,
782nd,968,Orthworm,Gen IX (Paldea),6,,,,,,,,,,
783rd,511,Pansage,Gen V (Unova),6,,,,,,,,,,
784th,863,Perrserker,Gen VIII (Galar/Hisui),6,,,,,,,,,,
785th,127,Pinsir,Gen I (Kanto),6,,,,,,,,,,
786th,476,Probopass,Gen IV (Sinnoh),6,,,,,,,,,,
787th,668,Pyroar,Gen VI (Kalos),6,,,,,,,,,,
788th,966,Revavroom,Gen IX (Paldea),6,,,,,,,,,,
789th,812,Rillaboom,Gen VIII (Galar/Hisui),6,,,,,,,,,,
790th,496,Servine,Gen V (Unova),6,,,,,,,,,,
791st,218,Slugma,Gen II (Johto),6,,,,,,,,,,
792nd,167,Spinarak,Gen II (Johto),6,,,,,,,,,,
793rd,192,Sunflora,Gen II (Johto),6,,,,,,,,,,
794th,684,Swirlix,Gen VI (Kalos),6,,,,,,,,,,
795th,1024,Terapagos (Stellar Form),Gen IX (Paldea),6,,,,,,,,,,
796th,828,Thievul,Gen VIII (Galar/Hisui),6,,,,,,,,,,
797th,811,Thwackey,Gen VIII (Galar/Hisui),6,,,,,,,,,,
798th,582,Vanillite,Gen V (Unova),6,,,,,,,,,,
799th,100,Voltorb,Gen I (Kanto),6,,,,,,,,,,
800th,193,Yanma,Gen II (Johto),6,,,,,,,,,,
801st,523,Zebstrika,Gen V (Unova),6,,,,,,,,,,
802nd,634,Zweilous,Gen V (Unova),6,,,,,,,,,,
803rd,142,Aerodactyl,Gen I (Kanto),5,,,,,,,,,,
804th,761,Bounsweet,Gen VII (Alola),5,,,,,,,,,,
805th,437,Bronzong,Gen IV (Sinnoh),5,,,,,,,,,,
806th,565,Carracosta,Gen V (Unova),5,,,,,,,,,,
807th,797,Celesteela,Gen VII (Alola),5,,,,,,,,,,
808th,839,Coalossal,Gen VIII (Galar/Hisui),5,,,,,,,,,,
809th,822,Corvisquire,Gen VIII (Galar/Hisui),5,,,,,,,,,,
810th,615,Cryogonal,Gen V (Unova),5,,,,,,,,,,
811th,800,Dawn Wings Necrozma,Gen VII (Alola),5,,,,,,,,,,
812th,825,Dottler,Gen VIII (Galar/Hisui),5,,,,,,,,,,
813th,309,Electrike,Gen III (Hoenn),5,,,,,,,,,,
814th,1016,Fezandipiti,Gen IX (Paldea),5,,,,,,,,,,
815th,670,Floette,Gen VI (Kalos),5,,,,,,,,,,
816th,611,Fraxure,Gen V (Unova),5,,,,,,,,,,
817th,554,Galarian Darumaka,Gen V (Unova),5,,,,,,,,,,
818th,264,Galarian Linoone,Gen III (Hoenn),5,,,,,,,,,,
819th,78,Galarian Rapidash,Gen I (Kanto),5,,,,,,,,,,
820th,80,Galarian Slowbro,Gen I (Kanto),5,,,,,,,,,,
821st,88,Grimer,Gen I (Kanto),5,,,,,,,,,,
822nd,724,Hisuian Decidueye,Gen VII (Alola),5,,,,,,,,,,
823rd,549,Hisuian Lilligant,Gen V (Unova),5,,,,,,,,,,
824th,100,Hisuian Voltorb,Gen I (Kanto),5,,,,,,,,,,
825th,116,Horsea,Gen I (Kanto),5,,,,,,,,,,
826th,599,Klink,Gen V (Unova),5,,,,,,,,,,
827th,920,Lokix,Gen IX (Paldea),5,,,,,,,,,,
828th,943,Mabosstiff,Gen IX (Paldea),5,,,,,,,,,,
829th,66,Machop,Gen I (Kanto),5,,,,,,,,,,
830th,925,Maushold (Family of Three),Gen IX (Paldea),5,,,,,,,,,,
831st,445,Mega Garchomp,Gen IV (Sinnoh),5,,,,,,,,,,
832nd,146,Moltres,Gen I (Kanto),5,,,,,,,,,,
833rd,877,Morpeko (Hangry Mode),Gen VIII (Galar/Hisui),5,,,,,,,,,,
834th,765,Oranguru,Gen VII (Alola),5,,,,,,,,,,
835th,16,Pidgey,Gen I (Kanto),5,,,,,,,,,,
836th,509,Purrloin,Gen V (Unova),5,,,,,,,,,,
837th,651,Quilladin,Gen VI (Kalos),5,,,,,,,,,,
838th,211,Qwilfish,Gen II (Johto),5,,,,,,,,,,
839th,894,Regieleki,Gen VIII (Galar/Hisui),5,,,,,,,,,,
840th,379,Registeel,Gen III (Hoenn),5,,,,,,,,,,
841st,953,Rellor,Gen IX (Paldea),5,,,,,,,,,,
842nd,627,Rufflet,Gen V (Unova),5,,,,,,,,,,
843rd,985,Scream Tail,Gen IX (Paldea),5,,,,,,,,,,
844th,117,Seadra,Gen I (Kanto),5,,,,,,,,,,
845th,854,Sinistea,Gen VIII (Galar/Hisui),5,,,,,,,,,,
846th,897,Spectrier,Gen VIII (Galar/Hisui),5,,,,,,,,,,
847th,682,Spritzee,Gen VI (Kalos),5,,,,,,,,,,
848th,978,Tatsugiri (Stretchy Form),Gen IX (Paldea),5,,,,,,,,,,
849th,602,Tynamo,Gen V (Unova),5,,,,,,,,,,
850th,480,Uxie,Gen IV (Sinnoh),5,,,,,,,,,,
851st,640,Virizion,Gen V (Unova),5,,,,,,,,,,
852nd,365,Walrein,Gen III (Hoenn),5,,,,,,,,,,
853rd,505,Watchog,Gen V (Unova),5,,,,,,,,,,
854th,70,Weepinbell,Gen I (Kanto),5,,,,,,,,,,
855th,544,Whirlipede,Gen V (Unova),5,,,,,,,,,,
856th,961,Wugtrio,Gen IX (Paldea),5,,,,,,,,,,
857th,893,Zarude,Gen VIII (Galar/Hisui),5,,,,,,,,,,
858th,19,Alolan Rattata,Gen I (Kanto),4,,,,,,,,,,
859th,298,Azurill,Gen III (Hoenn),4,,,,,,,,,,
860th,343,Baltoy,Gen III (Hoenn),4,,,,,,,,,,
861st,374,Beldum,Gen III (Hoenn),4,,,,,,,,,,
862nd,729,Brionne,Gen VII (Alola),4,,,,,,,,,,
863rd,455,Carnivine,Gen IV (Sinnoh),4,,,,,,,,,,
864th,975,Cetitan,Gen IX (Paldea),4,,,,,,,,,,
865th,366,Clamperl,Gen III (Hoenn),4,,,,,,,,,,
866th,764,Comfey,Gen VII (Alola),4,,,,,,,,,,
867th,879,Copperajah,Gen VIII (Galar/Hisui),4,,,,,,,,,,
868th,488,Cresselia,Gen IV (Sinnoh),4,,,,,,,,,,
869th,301,Delcatty,Gen III (Hoenn),4,,,,,,,,,,
870th,386,Deoxys (Attack Forme),Gen III (Hoenn),4,,,,,,,,,,
871st,386,Deoxys (Defense Forme),Gen III (Hoenn),4,,,,,,,,,,
872nd,23,Ekans,Gen I (Kanto),4,,,,,,,,,,
873rd,830,Eldegoss,Gen VIII (Galar/Hisui),4,,,,,,,,,,
874th,956,Espathra,Gen IX (Paldea),4,,,,,,,,,,
875th,102,Exeggcute,Gen I (Kanto),4,,,,,,,,,,
876th,22,Fearow,Gen I (Kanto),4,,,,,,,,,,
877th,671,Florges,Gen VI (Kalos),4,,,,,,,,,,
878th,987,Flutter Mane,Gen IX (Paldea),4,,,,,,,,,,
879th,753,Fomantis,Gen VII (Alola),4,,,,,,,,,,
880th,444,Gabite,Gen IV (Sinnoh),4,,,,,,,,,,
881st,711,Gourgeist (Average Size),Gen VI (Kalos),4,,,,,,,,,,
882nd,711,Gourgeist (Super Size),Gen VI (Kalos),4,,,,,,,,,,
883rd,984,Great Tusk,Gen IX (Paldea),4,,,,,,,,,,
884th,326,Grumpig,Gen III (Hoenn),4,,,,,,,,,,
885th,440,Happiny,Gen IV (Sinnoh),4,,,,,,,,,,
886th,449,Hippopotas,Gen IV (Sinnoh),4,,,,,,,,,,
887th,628,Hisuian Braviary,Gen V (Unova),4,,,,,,,,,,
888th,876,Indeedee (Female),Gen VIII (Galar/Hisui),4,,,,,,,,,,
889th,941,Kilowattrel,Gen IX (Paldea),4,,,,,,,,,,
890th,98,Krabby,Gen I (Kanto),4,,,,,,,,,,
891st,305,Lairon,Gen III (Hoenn),4,,,,,,,,,,
892nd,219,Magcargo,Gen II (Johto),4,,,,,,,,,,
893rd,467,Magmortar,Gen IV (Sinnoh),4,,,,,,,,,,
894th,630,Mandibuzz,Gen V (Unova),4,,,,,,,,,,
895th,308,Medicham,Gen III (Hoenn),4,,,,,,,,,,
896th,65,Mega Alakazam,Gen I (Kanto),4,,,,,,,,,,
897th,208,Mega Steelix,Gen II (Johto),4,,,,,,,,,,
898th,375,Metang,Gen III (Hoenn),4,,,,,,,,,,
899th,868,Milcery,Gen VIII (Galar/Hisui),4,,,,,,,,,,
900th,439,Mime Jr.,Gen IV (Sinnoh),4,,,,,,,,,,
901st,164,Noctowl,Gen II (Johto),4,,,,,,,,,,
902nd,1014,Okidogi,Gen IX (Paldea),4,,,,,,,,,,
903rd,741,Oricorio (Sensu Style),Gen VII (Alola),4,,,,,,,,,,
904th,964,Palafin (Hero Form),Gen IX (Paldea),4,,,,,,,,,,
905th,484,Palkia (Origin Forme),Gen IV (Sinnoh),4,,,,,,,,,,
906th,25,Partner Pikachu,Gen I (Kanto),4,,,,,,,,,,
907th,922,Pawmo,Gen IX (Paldea),4,,,,,,,,,,
908th,548,Petilil,Gen V (Unova),4,,,,,,,,,,
909th,204,Pineco,Gen II (Johto),4,,,,,,,,,,
910th,315,Roselia,Gen III (Hoenn),4,,,,,,,,,,
911th,867,Runerigus,Gen VIII (Galar/Hisui),4,,,,,,,,,,
912th,616,Shelmet,Gen V (Unova),4,,,,,,,,,,
913th,275,Shiftry,Gen III (Hoenn),4,,,,,,,,,,
914th,287,Slakoth,Gen III (Hoenn),4,,,,,,,,,,
915th,238,Smoochum,Gen II (Johto),4,,,,,,,,,,
916th,234,Stantler,Gen II (Johto),4,,,,,,,,,,
917th,762,Steenee,Gen VII (Alola),4,,,,,,,,,,
918th,191,Sunkern,Gen II (Johto),4,,,,,,,,,,
919th,532,Timburr,Gen V (Unova),4,,,,,,,,,,
920th,948,Toedscool,Gen IX (Paldea),4,,,,,,,,,,
921st,49,Venomoth,Gen I (Kanto),4,,,,,,,,,,
922nd,329,Vibrava,Gen III (Hoenn),4,,,,,,,,,,
923rd,71,Victreebel,Gen I (Kanto),4,,,,,,,,,,
924th,591,Amoonguss,Gen V (Unova),3,,,,,,,,,,
925th,930,Arboliva,Gen IX (Paldea),3,,,,,,,,,,
926th,371,Bagon,Gen III (Hoenn),3,,,,,,,,,,
927th,614,Beartic,Gen V (Unova),3,,,,,,,,,,
928th,522,Blitzle,Gen V (Unova),3,,,,,,,,,,
929th,962,Bombirdier,Gen IX (Paldea),3,,,,,,,,,,
930th,436,Bronzor,Gen IV (Sinnoh),3,,,,,,,,,,
931st,659,Bunnelby,Gen VI (Kalos),3,,,,,,,,,,
932nd,898,Calyrex,Gen VIII (Galar/Hisui),3,,,,,,,,,,
933rd,935,Charcadet,Gen IX (Paldea),3,,,,,,,,,,
934th,692,Clauncher,Gen VI (Kalos),3,,,,,,,,,,
935th,638,Cobalion,Gen V (Unova),3,,,,,,,,,,
936th,546,Cottonee,Gen V (Unova),3,,,,,,,,,,
937th,740,Crabominable,Gen VII (Alola),3,,,,,,,,,,
938th,864,Cursola,Gen VIII (Galar/Hisui),3,,,,,,,,,,
939th,967,Cyclizar,Gen IX (Paldea),3,,,,,,,,,,
940th,85,Dodrio,Gen I (Kanto),3,,,,,,,,,,
941st,680,Doublade,Gen VI (Kalos),3,,,,,,,,,,
942nd,886,Drakloak,Gen VIII (Galar/Hisui),3,,,,,,,,,,
943rd,834,Drednaw,Gen VIII (Galar/Hisui),3,,,,,,,,,,
944th,817,Drizzile,Gen VIII (Galar/Hisui),3,,,,,,,,,,
945th,982,Dudunsparce (Three-Segment Form),Gen IX (Paldea),3,,,,,,,,,,
946th,963,Finizen,Gen IX (Paldea),3,,,,,,,,,,
947th,590,Foongus,Gen V (Unova),3,,,,,,,,,,
948th,996,Frigibax,Gen IX (Paldea),3,,,,,,,,,,
949th,144,Galarian Articuno,Gen I (Kanto),3,,,,,,,,,,
950th,83,Galarian Farfetch'd,Gen I (Kanto),3,,,,,,,,,,
951st,431,Glameow,Gen IV (Sinnoh),3,,,,,,,,,,
952nd,853,Grapploct,Gen VIII (Galar/Hisui),3,,,,,,,,,,
953rd,75,Graveler,Gen I (Kanto),3,,,,,,,,,,
954th,783,Hakamo-o,Gen VII (Alola),3,,,,,,,,,,
955th,215,Hisuian Sneasel,Gen II (Johto),3,,,,,,,,,,
956th,972,Houndstone,Gen IX (Paldea),3,,,,,,,,,,
957th,174,Igglybuff,Gen II (Johto),3,,,,,,,,,,
958th,1010,Iron Leaves,Gen IX (Paldea),3,,,,,,,,,,
959th,994,Iron Moth,Gen IX (Paldea),3,,,,,,,,,,
960th,588,Karrablast,Gen V (Unova),3,,,,,,,,,,
961st,900,Kleavor,Gen VIII (Galar/Hisui),3,,,,,,,,,,
962nd,645,Landorus (Incarnate Forme),Gen V (Unova),3,,,,,,,,,,
963rd,271,Lombre,Gen III (Hoenn),3,,,,,,,,,,
964th,308,Mega Medicham,Gen III (Hoenn),3,,,,,,,,,,
965th,18,Mega Pidgeot,Gen I (Kanto),3,,,,,,,,,,
966th,373,Mega Salamence,Gen III (Hoenn),3,,,,,,,,,,
967th,319,Mega Sharpedo,Gen III (Hoenn),3,,,,,,,,,,
968th,648,Meloetta (Pirouette Forme),Gen V (Unova),3,,,,,,,,,,
969th,866,Mr. Rime,Gen VIII (Galar/Hisui),3,,,,,,,,,,
970th,29,Nidoran♀,Gen I (Kanto),3,,,,,,,,,,
971st,32,Nidoran♂,Gen I (Kanto),3,,,,,,,,,,
972nd,30,Nidorina,Gen I (Kanto),3,,,,,,,,,,
973rd,1017,Ogerpon (Wellspring Mask),Gen IX (Paldea),3,,,,,,,,,,
974th,826,Orbeetle,Gen VIII (Galar/Hisui),3,,,,,,,,,,
975th,741,Oricorio (Baile Style),Gen VII (Alola),3,,,,,,,,,,
976th,904,Overqwil,Gen VIII (Galar/Hisui),3,,,,,,,,,,
977th,766,Passimian,Gen VII (Alola),3,,,,,,,,,,
978th,17,Pidgeotto,Gen I (Kanto),3,,,,,,,,,,
979th,731,Pikipek,Gen VII (Alola),3,,,,,,,,,,
980th,394,Prinplup,Gen IV (Sinnoh),3,,,,,,,,,,
981st,914,Quaquaval,Gen IX (Paldea),3,,,,,,,,,,
982nd,20,Raticate,Gen I (Kanto),3,,,,,,,,,,
983rd,378,Regice,Gen III (Hoenn),3,,,,,,,,,,
984th,377,Regirock,Gen III (Hoenn),3,,,,,,,,,,
985th,664,Scatterbug,Gen VI (Kalos),3,,,,,,,,,,
986th,372,Shelgon,Gen III (Hoenn),3,,,,,,,,,,
987th,410,Shieldon,Gen IV (Sinnoh),3,,,,,,,,,,
988th,512,Simisage,Gen V (Unova),3,,,,,,,,,,
989th,819,Skwovet,Gen VIII (Galar/Hisui),3,,,,,,,,,,
990th,434,Stunky,Gen IV (Sinnoh),3,,,,,,,,,,
991st,1024,Terapagos (Normal Form),Gen IX (Paldea),3,,,,,,,,,,
992nd,1003,Ting-Lu,Gen IX (Paldea),3,,,,,,,,,,
993rd,958,Tinkatuff,Gen IX (Paldea),3,,,,,,,,,,
994th,949,Toedscruel,Gen IX (Paldea),3,,,,,,,,,,
995th,521,Unfezant,Gen V (Unova),3,,,,,,,,,,
996th,416,Vespiquen,Gen IV (Sinnoh),3,,,,,,,,,,
997th,721,Volcanion,Gen VI (Kalos),3,,,,,,,,,,
998th,413,Wormadam (Trash Cloak),Gen IV (Sinnoh),3,,,,,,,,,,
999th,889,Zamazenta (Hero of Many Battles),Gen VIII (Galar/Hisui),3,,,,,,,,,,
1000th,50,Alolan Diglett,Gen I (Kanto),2,,,,,,,,,,
1001st,52,Alolan Meowth,Gen I (Kanto),2,,,,,,,,,,
1002nd,53,Alolan Persian,Gen I (Kanto),2,,,,,,,,,,
1003rd,168,Ariados,Gen II (Johto),2,,,,,,,,,,
1004th,683,Aromatisse,Gen VI (Kalos),2,,,,,,,,,,
1005th,847,Barraskewda,Gen VIII (Galar/Hisui),2,,,,,,,,,,
1006th,902,Basculegion (Female),Gen VIII (Galar/Hisui),2,,,,,,,,,,
1007th,902,Basculegion (Male),Gen VIII (Galar/Hisui),2,,,,,,,,,,
1008th,267,Beautifly,Gen III (Hoenn),2,,,,,,,,,,
1009th,947,Brambleghast,Gen IX (Paldea),2,,,,,,,,,,
1010th,351,Castform (Sunny Form),Gen III (Hoenn),2,,,,,,,,,,
1011th,256,Combusken,Gen III (Hoenn),2,,,,,,,,,,
1012th,790,Cosmoem,Gen VII (Alola),2,,,,,,,,,,
1013th,739,Crabrawler,Gen VII (Alola),2,,,,,,,,,,
1014th,159,Croconaw,Gen II (Johto),2,,,,,,,,,,
1015th,878,Cufant,Gen VIII (Galar/Hisui),2,,,,,,,,,,
1016th,555,Darmanitan (Galarian Standard Mode),Gen V (Unova),2,,,,,,,,,,
1017th,660,Diggersby,Gen VI (Kalos),2,,,,,,,,,,
1018th,977,Dondozo,Gen IX (Paldea),2,,,,,,,,,,
1019th,832,Dubwool,Gen VIII (Galar/Hisui),2,,,,,,,,,,
1020th,982,Dudunsparce (Two-Segment Form),Gen IX (Paldea),2,,,,,,,,,,
1021st,51,Dugtrio,Gen I (Kanto),2,,,,,,,,,,
1022nd,890,Eternatus (Eternamax),Gen VIII (Galar/Hisui),2,,,,,,,,,,
1023rd,597,Ferroseed,Gen V (Unova),2,,,,,,,,,,
1024th,479,Frost Rotom,Gen IV (Sinnoh),2,,,,,,,,,,
1025th,222,Galarian Corsola,Gen II (Johto),2,,,,,,,,,,
1026th,146,Galarian Moltres,Gen I (Kanto),2,,,,,,,,,,
1027th,122,Galarian Mr. Mime,Gen I (Kanto),2,,,,,,,,,,
1028th,199,Galarian Slowking,Gen II (Johto),2,,,,,,,,,,
1029th,618,Galarian Stunfisk,Gen V (Unova),2,,,,,,,,,,
1030th,110,Galarian Weezing,Gen I (Kanto),2,,,,,,,,,,
1031st,145,Galarian Zapdos,Gen I (Kanto),2,,,,,,,,,,
1032nd,999,Gimmighoul (Chest Form),Gen IX (Paldea),2,,,,,,,,,,
1033rd,999,Gimmighoul (Roaming Form),Gen IX (Paldea),2,,,,,,,,,,
1034th,388,Grotle,Gen IV (Sinnoh),2,,,,,,,,,,
1035th,533,Gurdurr,Gen V (Unova),2,,,,,,,,,,
1036th,479,Heat Rotom,Gen IV (Sinnoh),2,,,,,,,,,,
1037th,705,Hisuian Sliggoo,Gen VI (Kalos),2,,,,,,,,,,
1038th,1022,Iron Boulder,Gen IX (Paldea),2,,,,,,,,,,
1039th,600,Klang,Gen V (Unova),2,,,,,,,,,,
1040th,891,Kubfu,Gen VIII (Galar/Hisui),2,,,,,,,,,,
1041st,165,Ledyba,Gen II (Johto),2,,,,,,,,,,
1042nd,240,Magby,Gen II (Johto),2,,,,,,,,,,
1043rd,942,Maschiff,Gen IX (Paldea),2,,,,,,,,,,
1044th,150,Mega Mewtwo X,Gen I (Kanto),2,,,,,,,,,,
1045th,150,Mega Mewtwo Y,Gen I (Kanto),2,,,,,,,,,,
1046th,80,Mega Slowbro,Gen I (Kanto),2,,,,,,,,,,
1047th,414,Mothim,Gen IV (Sinnoh),2,,,,,,,,,,
1048th,479,Mow Rotom,Gen IV (Sinnoh),2,,,,,,,,,,
1049th,1015,Munkidori,Gen IX (Paldea),2,,,,,,,,,,
1050th,933,Naclstack,Gen IX (Paldea),2,,,,,,,,,,
1051st,290,Nincada,Gen III (Hoenn),2,,,,,,,,,,
1052nd,274,Nuzleaf,Gen III (Hoenn),2,,,,,,,,,,
1053rd,139,Omastar,Gen I (Kanto),2,,,,,,,,,,
1054th,741,Oricorio (Pa'u Style),Gen VII (Alola),2,,,,,,,,,,
1055th,1012,Poltchageist,Gen IX (Paldea),2,,,,,,,,,,
1056th,247,Pupitar,Gen II (Johto),2,,,,,,,,,,
1057th,223,Remoraid,Gen II (Johto),2,,,,,,,,,,
1058th,111,Rhyhorn,Gen I (Kanto),2,,,,,,,,,,
1059th,821,Rookidee,Gen VIII (Galar/Hisui),2,,,,,,,,,,
1060th,844,Sandaconda,Gen VIII (Galar/Hisui),2,,,,,,,,,,
1061st,989,Sandy Shocks,Gen IX (Paldea),2,,,,,,,,,,
1062nd,119,Seaking,Gen I (Kanto),2,,,,,,,,,,
1063rd,86,Seel,Gen I (Kanto),2,,,,,,,,,,
1064th,690,Skrelp,Gen VI (Kalos),2,,,,,,,,,,
1065th,338,Solrock,Gen III (Hoenn),2,,,,,,,,,,
1066th,581,Swanna,Gen V (Unova),2,,,,,,,,,,
1067th,276,Taillow,Gen III (Hoenn),2,,,,,,,,,,
1068th,128,Tauros (Aqua Breed),Gen I (Kanto),2,,,,,,,,,,
1069th,642,Thundurus (Therian Forme),Gen V (Unova),2,,,,,,,,,,
1070th,564,Tirtouga,Gen V (Unova),2,,,,,,,,,,
1071st,732,Trumbeak,Gen VII (Alola),2,,,,,,,,,,
1072nd,535,Tympole,Gen V (Unova),2,,,,,,,,,,
1073rd,236,Tyrogue,Gen II (Johto),2,,,,,,,,,,
1074th,583,Vanillish,Gen V (Unova),2,,,,,,,,,,
1075th,965,Varoom,Gen IX (Paldea),2,,,,,,,,,,
1076th,313,Volbeat,Gen III (Hoenn),2,,,,,,,,,,
1077th,940,Wattrel,Gen IX (Paldea),2,,,,,,,,,,
1078th,293,Whismur,Gen III (Hoenn),2,,,,,,,,,,
1079th,413,Wormadam (Plant Cloak),Gen IV (Sinnoh),2,,,,,,,,,,
1080th,889,Zamazenta (Crowned Shield),Gen VIII (Galar/Hisui),2,,,,,,,,,,
1081st,617,Accelgor,Gen V (Unova),1,,,,,,,,,,
1082nd,76,Alolan Golem,Gen I (Kanto),1,,,,,,,,,,
1083rd,88,Alolan Grimer,Gen I (Kanto),1,,,,,,,,,,
1084th,20,Alolan Raticate,Gen I (Kanto),1,,,,,,,,,,
1085th,594,Alomomola,Gen V (Unova),1,,,,,,,,,,
1086th,997,Arctibax,Gen IX (Paldea),1,,,,,,,,,,
1087th,550,Basculin (Red-Striped Form),Gen V (Unova),1,,,,,,,,,,
1088th,550,Basculin (White-Striped Form),Gen V (Unova),1,,,,,,,,,,
1089th,400,Bibarel,Gen IV (Sinnoh),1,,,,,,,,,,
1090th,688,Binacle,Gen VI (Kalos),1,,,,,,,,,,
1091st,824,Blipbug,Gen VIII (Galar/Hisui),1,,,,,,,,,,
1092nd,626,Bouffalant,Gen V (Unova),1,,,,,,,,,,
1093rd,986,Brute Bonnet,Gen IX (Paldea),1,,,,,,,,,,
1094th,412,Burmy (Trash Cloak),Gen IV (Sinnoh),1,,,,,,,,,,
1095th,898,Calyrex (Ice Rider),Gen VIII (Galar/Hisui),1,,,,,,,,,,
1096th,951,Capsakid,Gen IX (Paldea),1,,,,,,,,,,
1097th,838,Carkol,Gen VIII (Galar/Hisui),1,,,,,,,,,,
1098th,268,Cascoon,Gen III (Hoenn),1,,,,,,,,,,
1099th,555,Darmanitan (Galarian Zen Mode),Gen V (Unova),1,,,,,,,,,,
1100th,386,Deoxys (Speed Forme),Gen III (Hoenn),1,,,,,,,,,,
1101st,929,Dolliv,Gen IX (Paldea),1,,,,,,,,,,
1102nd,905,Enamorus (Incarnate Forme),Gen VIII (Galar/Hisui),1,,,,,,,,,,
1103rd,456,Finneon,Gen IV (Sinnoh),1,,,,,,,,,,
1104th,955,Flittle,Gen IX (Paldea),1,,,,,,,,,,
1105th,657,Frogadier,Gen VI (Kalos),1,,,,,,,,,,
1106th,52,Galarian Meowth,Gen I (Kanto),1,,,,,,,,,,
1107th,896,Glastrier,Gen VIII (Galar/Hisui),1,,,,,,,,,,
1108th,969,Glimmet,Gen IX (Paldea),1,,,,,,,,,,
1109th,118,Goldeen,Gen I (Kanto),1,,,,,,,,,,
1110th,368,Gorebyss,Gen III (Hoenn),1,,,,,,,,,,
1111th,1020,Gouging Fire,Gen IX (Paldea),1,,,,,,,,,,
1112th,711,Gourgeist (Large Size),Gen VI (Kalos),1,,,,,,,,,,
1113th,711,Gourgeist (Small Size),Gen VI (Kalos),1,,,,,,,,,,
1114th,210,Granbull,Gen II (Johto),1,,,,,,,,,,
1115th,450,Hippowdon,Gen IV (Sinnoh),1,,,,,,,,,,
1116th,163,Hoothoot,Gen II (Johto),1,,,,,,,,,,
1117th,992,Iron Hands,Gen IX (Paldea),1,,,,,,,,,,
1118th,995,Iron Thorns,Gen IX (Paldea),1,,,,,,,,,,
1119th,14,Kakuna,Gen I (Kanto),1,,,,,,,,,,
1120th,798,Kartana,Gen VII (Alola),1,,,,,,,,,,
1121st,345,Lileep,Gen III (Hoenn),1,,,,,,,,,,
1122nd,294,Loudred,Gen III (Hoenn),1,,,,,,,,,,
1123rd,337,Lunatone,Gen III (Hoenn),1,,,,,,,,,,
1124th,67,Machoke,Gen I (Kanto),1,,,,,,,,,,
1125th,307,Meditite,Gen III (Hoenn),1,,,,,,,,,,
1126th,323,Mega Camerupt,Gen III (Hoenn),1,,,,,,,,,,
1127th,362,Mega Glalie,Gen III (Hoenn),1,,,,,,,,,,
1128th,130,Mega Gyarados,Gen I (Kanto),1,,,,,,,,,,
1129th,115,Mega Kangaskhan,Gen I (Kanto),1,,,,,,,,,,
1130th,380,Mega Latias,Gen III (Hoenn),1,,,,,,,,,,
1131st,127,Mega Pinsir,Gen I (Kanto),1,,,,,,,,,,
1132nd,248,Mega Tyranitar,Gen II (Johto),1,,,,,,,,,,
1133rd,919,Nymble,Gen IX (Paldea),1,,,,,,,,,,
1134th,1017,Ogerpon (Cornerstone Mask),Gen IX (Paldea),1,,,,,,,,,,
1135th,515,Panpour,Gen V (Unova),1,,,,,,,,,,
1136th,504,Patrat,Gen V (Unova),1,,,,,,,,,,
1137th,489,Phione,Gen IV (Sinnoh),1,,,,,,,,,,
1138th,913,Quaxwell,Gen IX (Paldea),1,,,,,,,,,,
1139th,954,Rabsca,Gen IX (Paldea),1,,,,,,,,,,
1140th,895,Regidrago,Gen VIII (Galar/Hisui),1,,,,,,,,,,
1141st,952,Scovillain,Gen IX (Paldea),1,,,,,,,,,,
1142nd,364,Sealeo,Gen III (Hoenn),1,,,,,,,,,,
1143rd,944,Shroodle,Gen IX (Paldea),1,,,,,,,,,,
1144th,21,Spearow,Gen I (Kanto),1,,,,,,,,,,
1145th,918,Spidops,Gen IX (Paldea),1,,,,,,,,,,
1146th,931,Squawkabilly (Green Plumage),Gen IX (Paldea),1,,,,,,,,,,
1147th,397,Staravia,Gen IV (Sinnoh),1,,,,,,,,,,
1148th,787,Tapu Bulu,Gen VII (Alola),1,,,,,,,,,,
1149th,788,Tapu Fini,Gen VII (Alola),1,,,,,,,,,,
1150th,917,Tarountula,Gen IX (Paldea),1,,,,,,,,,,
1151st,978,Tatsugiri (Droopy Form),Gen IX (Paldea),1,,,,,,,,,,
1152nd,128,Tauros (Blaze Breed),Gen I (Kanto),1,,,,,,,,,,
1153rd,639,Terrakion,Gen V (Unova),1,,,,,,,,,,
1154th,538,Throh,Gen V (Unova),1,,,,,,,,,,
1155th,641,Tornadus (Therian Forme),Gen V (Unova),1,,,,,,,,,,
1156th,520,Tranquill,Gen V (Unova),1,,,,,,,,,,
1157th,288,Vigoroth,Gen III (Hoenn),1,,,,,,,,,,
1158th,629,Vullaby,Gen V (Unova),1,,,,,,,,,,
1159th,479,Wash Rotom,Gen IV (Sinnoh),1,,,,,,,,,,
1160th,899,Wyrdeer,Gen VIII (Galar/Hisui),1,,,,,,,,,,
1161st,718,Zygarde (10% Forme),Gen VI (Kalos),1,,,,,,,,,,
1162nd,74,Alolan Geodude,Gen I (Kanto),0,,,,,,,,,,
1163rd,75,Alolan Graveler,Gen I (Kanto),0,,,,,,,,,,
1164th,883,Arctovish,Gen VIII (Galar/Hisui),0,,,,,,,,,,
1165th,846,Arrokuda,Gen VIII (Galar/Hisui),0,,,,,,,,,,
1166th,550,Basculin (Blue-Striped Form),Gen V (Unova),0,,,,,,,,,,
1167th,946,Bramblin,Gen IX (Paldea),0,,,,,,,,,,
1168th,412,Burmy (Plant Cloak),Gen IV (Sinnoh),0,,,,,,,,,,
1169th,412,Burmy (Sandy Cloak),Gen IV (Sinnoh),0,,,,,,,,,,
1170th,898,Calyrex (Shadow Rider),Gen VIII (Galar/Hisui),0,,,,,,,,,,
1171st,318,Carvanha,Gen III (Hoenn),0,,,,,,,,,,
1172nd,351,Castform (Rainy Form),Gen III (Hoenn),0,,,,,,,,,,
1173rd,351,Castform (Snowy Form),Gen III (Hoenn),0,,,,,,,,,,
1174th,910,Crocalor,Gen IX (Paldea),0,,,,,,,,,,
1175th,555,Darmanitan (Zen Mode),Gen V (Unova),0,,,,,,,,,,
1176th,483,Dialga (Origin Forme),Gen IV (Sinnoh),0,,,,,,,,,,
1177th,1011,Dipplin,Gen IX (Paldea),0,,,,,,,,,,
1178th,875,Eiscue (Noice Face),Gen VIII (Galar/Hisui),0,,,,,,,,,,
1179th,905,Enamorus (Therian Forme),Gen VIII (Galar/Hisui),0,,,,,,,,,,
1180th,479,Fan Rotom,Gen IV (Sinnoh),0,,,,,,,,,,
1181st,562,Galarian Yamask,Gen V (Unova),0,,,,,,,,,,
1182nd,42,Golbat,Gen I (Kanto),0,,,,,,,,,,
1183rd,829,Gossifleur,Gen VIII (Galar/Hisui),0,,,,,,,,,,
1184th,735,Gumshoos,Gen VII (Alola),0,,,,,,,,,,
1185th,713,Hisuian Avalugg,Gen VI (Kalos),0,,,,,,,,,,
1186th,101,Hisuian Electrode,Gen I (Kanto),0,,,,,,,,,,
1187th,211,Hisuian Qwilfish,Gen II (Johto),0,,,,,,,,,,
1188th,367,Huntail,Gen III (Hoenn),0,,,,,,,,,,
1189th,314,Illumise,Gen III (Hoenn),0,,,,,,,,,,
1190th,1023,Iron Crown,Gen IX (Paldea),0,,,,,,,,,,
1191st,993,Iron Jugulis,Gen IX (Paldea),0,,,,,,,,,,
1192nd,990,Iron Treads,Gen IX (Paldea),0,,,,,,,,,,
1193rd,645,Landorus (Therian Forme),Gen V (Unova),0,,,,,,,,,,
1194th,460,Mega Abomasnow,Gen IV (Sinnoh),0,,,,,,,,,,
1195th,142,Mega Aerodactyl,Gen I (Kanto),0,,,,,,,,,,
1196th,214,Mega Heracross,Gen II (Johto),0,,,,,,,,,,
1197th,381,Mega Latios,Gen III (Hoenn),0,,,,,,,,,,
1198th,310,Mega Manectric,Gen III (Hoenn),0,,,,,,,,,,
1199th,916,Oinkologne (Female),Gen IX (Paldea),0,,,,,,,,,,
1200th,916,Oinkologne (Male),Gen IX (Paldea),0,,,,,,,,,,
1201st,964,Palafin (Zero Form),Gen IX (Paldea),0,,,,,,,,,,
1202nd,837,Rolycoly,Gen VIII (Galar/Hisui),0,,,,,,,,,,
1203rd,843,Silicobra,Gen VIII (Galar/Hisui),0,,,,,,,,,,
1204th,705,Sliggoo,Gen VI (Kalos),0,,,,,,,,,,
1205th,931,Squawkabilly (Blue Plumage),Gen IX (Paldea),0,,,,,,,,,,
1206th,931,Squawkabilly (White Plumage),Gen IX (Paldea),0,,,,,,,,,,
1207th,931,Squawkabilly (Yellow Plumage),Gen IX (Paldea),0,,,,,,,,,,
1208th,938,Tadbulb,Gen IX (Paldea),0,,,,,,,,,,
1209th,128,Tauros (Combat Breed),Gen I (Kanto),0,,,,,,,,,,
1210th,72,Tentacool,Gen I (Kanto),0,,,,,,,,,,
1211th,642,Thundurus (Incarnate Forme),Gen V (Unova),0,,,,,,,,,,
1212th,641,Tornadus (Incarnate Forme),Gen V (Unova),0,,,,,,,,,,
1213th,976,Veluza,Gen IX (Paldea),0,,,,,,,,,,
1214th,413,Wormadam (Sandy Cloak),Gen IV (Sinnoh),0,,,,,,,,,,
1215th,888,Zacian (Hero of Many Battles),Gen VIII (Galar/Hisui),0,,,,,,,,,,